38073811.2297964,116076303.99932778,26807534.032337204,16103199.496538907,46833819.170167424,24163367.1980722,89930420.3671217,103180219.83045946,93464908.44834046,70141800.67558543,34411390.76209069,533430.3534752993,84955637.12647533,27292020.670235228,100443960.07061043,19878107.68692127,80142240.4031111,57858394.13097218,50467501.01077813,30951223.98739527,21418315.30871241,74976678.90343471,55727948.68073032,66513414.27305549,51462098.428461425,98493669.99485463,26830584.825116392,26888352.311884373,89015043.14250568,32930420.52995566,11608837.33419311,84494337.15387307,96673402.4755078,92621135.11482076,1,0,0,0,1,0,0,0,0,0,0,0,0,0,0,1,1,1,1,1,0,1,0,0,0,0,0,0,0,0,0,0,0,0
119018693.10444692,27470741.74214668,6158838.0694868285,46180221.20423879,12993980.97791263,55489893.71843997,69451680.5829157,16679270.730639528,119223020.91859607,68080977.05026262,77668024.12420586,122585913.59319669,60656026.67368377,2043060.7085519647,11708024.550320085,5475948.371304982,120692451.98048787,95481006.66310474,104276787.12746434,81473430.8182458,55474041.61381192,54371149.818030946,112003615.23190436,26239330.218022365,68876415.00666082,21807850.28878263,121733046.37180154,19198897.731577516,59691679.77969164,42204674.54413327,18948452.800410837,48902934.894215785,10133183.321977532,119683952.50490403,1,0,0,0,0,1,0,0,1,1,0,0,0,0,0,1,1,1,1,1,0,1,0,0,0,0,0,0,0,0,0,0,0,0
59968956.13915496,3446105.137113874,48368522.2813541,102404541.60960387,7581507.778442229,98860569.64592953,87790869.72140309,100394900.51836793,11424155.629000215,102154904.80727595,81051294.09834068,93775039.28967093,19456883.328705918,23672191.365239713,21533395.68715338,66230539.7272338,78326915.55821338,66209448.86860774,98413275.37080014,58661368.82413171,32503455.813420087,8723301.521072304,17935055.514990665,120913878.72565363,119945844.42474523,72974013.4895109,14165655.623016614,92104342.9943936,101819096.05968551,56925366.33607113,43312700.24488963,76913077.31062199,27416915.919257537,30047207.335561503,1,0,0,0,0,1,0,0,1,0,1,1,1,1,1,1,0,0,0,0,0,0,0,0,0,0,0,0,0,0,0,0,0,0
3336901.38848955,2148557.032172635,82036875.65509774,58944297.38173643,79518602.38442627,89319165.5032527,81858515.96243608,25442990.520651303,80472127.06803742,69434497.24234793,50572421.15779905,11722467.555051286,52883194.18405702,84518922.31096478,451009.71095156204,108768541.97784975,48721157.1157807,85171673.90439683,55226534.75463094,89933386.42473407,69389820.09432493,1552141.4841187112,27572952.223347902,56612593.48343246,72386279.34686814,90096952.96796964,112703882.5881352,33242245.727832206,94743140.45958702,91898109.16567655,87322753.78847861,80695219.73140945,54117048.162291005,43782229.06797776,1,0,0,0,1,0,0,0,0,0,0,0,0,0,0,1,1,1,1,1,1,0,1,1,1,0,0,0,0,0,0,0,0,0
110760230.48094323,34140868.464356005,2731733.8820259324,118999420.61866382,31526997.360067185,101122576.12354761,85148575.43922822,70516401.48651153,90029796.50029106,85997076.69940874,4071394.318109607,57583043.279189155,77781505.44348621,40333500.21914259,24562561.372621723,24572803.097458396,33925565.40152163,26986916.26674401,1833721.7860232266,43715326.57249262,82902496.87509842,43243066.7339119,3373817.6153215277,85069223.95999281,18101312.880873736,54611998.41447442,66082484.178830884,104345488.99479343,115320980.84392649,86631757.92360207,94919440.43266174,50882206.89323692,90086411.5579049,84595012.46882752,1,0,0,0,0,1,0,0,1,0,1,1,1,1,1,1,0,0,0,0,0,0,0,0,0,0,0,0,0,0,0,0,0,0
112545058.8478729,118739677.69520907,89058283.99324587,121155174.73940505,48330097.13633964,57225038.04254885,16060034.619562693,4900661.955562638,7343001.393012028,8591450.540495552,121695137.49778421,61626793.32126069,36828721.34601189,91802322.40679,91431857.00550558,45541693.8173957,114918035.69901444,98272057.81306474,42252435.56450815,84432929.06529826,83213703.83915477,34600574.25320665,20105246.96700036,59193743.151052296,71827719.39559138,54586491.917048946,29864141.982918378,90499830.1061582,89155894.94194008,5799072.456163191,29313153.728564322,103998224.8344083,98127108.45616168,121974553.03649136,1,0,0,0,1,0,0,0,0,0,0,0,0,0,0,1,1,1,1,1,0,1,0,0,0,0,0,0,0,0,0,0,0,0
18966524.95616572,57638340.36189439,88741431.15690796,114429463.75123869,26891842.67520413,1454699.145772605,111398291.06631887,26010125.738220338,2249488.8959646234,77561625.03825648,32576258.135689206,124292573.72955425,85033646.53610374,104519639.31169489,52077134.62678222,65224625.78823574,53842622.32392669,82151525.46182592,13709726.621824943,92296183.61620595,115906375.58274959,9052018.638580399,90720502.17083204,82570345.93228579,99250112.63374977,98190599.55684349,112127187.77421486,96947706.62610912,86797164.41484515,85913351.74772654,39071277.80973182,16816970.946051788,56111089.090029515,103179010.5835947,0,1,0,0,0,0,0,0,0,1,1,1,1,1,1,1,0,0,0,0,0,0,0,0,0,1,0,1,1,0,1,0,0,0
38300208.53044363,86435154.51827064,70530125.2560843,57399600.69342456,110439294.60320391,76428609.99295595,118564334.47728118,120073084.6065166,21049514.799505245,39571148.271541975,38429794.69066842,67888883.79605566,56810998.80715754,75213909.69879626,82510954.73359774,35192816.11888414,76599845.26951273,23515761.323099703,98684065.67448154,120178365.90023404,5168507.787000958,13098846.032147693,77821979.60657243,34702815.75438692,64526418.06809944,120095899.65273266,93623534.76289275,20109763.177770536,119259968.88224398,91680908.21347278,88262457.0397256,105687208.77936247,55712419.456390046,24585481.27075001,1,0,0,0,1,0,0,0,0,1,1,1,1,1,1,1,0,0,0,0,0,0,0,0,0,0,0,0,0,0,0,0,0,0
26507079.923594296,80749920.26681471,62809806.10247314,8492365.932300312,67512170.55503497,67964497.83363038,99770492.41353354,114972334.21382138,103124471.80736691,111850822.08015755,45541646.50660863,62337145.55665889,42718908.385786414,25786181.569487665,102799264.2379161,14590255.840275925,7844715.395009844,68258299.31758237,20063683.223306008,12367312.392129896,13112028.368954087,5563753.4541900465,11813597.535725852,81143080.0388641,10132269.568928588,68280208.37199834,41209093.11743631,72836650.0080819,33781381.15328981,8167010.345582675,119973889.47121184,110394986.23885426,64475356.34647069,54395445.96483972,1,0,0,0,1,0,0,0,0,1,1,1,1,1,1,1,0,0,0,0,0,0,0,0,0,0,0,0,0,0,0,0,0,0
83812026.30941734,711866.3071146986,15731171.286530128,13265675.890765788,49088353.561976515,82888110.19526756,22428848.754893474,6372357.463187731,3891247.1394197484,113577674.5338554,36799209.8443076,86068384.95640817,67266690.27661419,88902886.48710966,76812423.09153159,83560929.77264777,21780603.926241085,87081632.65301177,114278730.9151327,49166830.22976245,90405941.91104211,36048645.6149442,99409837.14326417,42673801.03699834,96371317.53574705,85059088.86421505,42967075.81252514,22286124.5128852,58405517.5031991,122685603.01336057,122095628.03607245,15945419.394821983,79853569.05299515,30046815.88207986,1,0,0,0,1,0,0,0,0,1,1,1,1,1,1,1,0,0,0,0,0,0,0,0,0,0,0,0,0,0,0,0,0,0
28225683.108245175,23305864.45600595,100536496.25846308,110814764.49558198,92400520.50915568,15821181.935605647,79352355.64375111,71145196.81377333,33773415.877552554,75993789.22788711,48404800.90391309,68821250.8120013,104966875.34249923,17323040.370413534,101792710.82685381,3516018.108247849,63973521.23677014,70046514.91477004,105249452.9883766,99150008.40924938,10884839.618276479,20590064.985041633,47728597.84921677,48949160.35323403,121452572.47541621,63586559.3634962,69858575.57221584,49406570.801818244,123363278.90932825,14043192.8360074,59285270.107303746,48503051.70614736,106435170.52613354,4965376.809278489,1,0,0,0,1,0,0,0,0,0,0,0,0,0,0,1,1,1,1,1,0,1,0,0,0,0,0,0,0,0,0,0,0,0
61380844.66675903,84429212.67573248,25097032.364934742,35439920.210941724,95191405.64759572,46147372.244321406,90763653.67646052,28029467.230819214,105168707.1165105,17219159.244180273,16381418.134260776,118302367.17033401,25247746.156245347,67172610.21893723,42877625.12058711,58468181.9104768,58286379.3257211,28514431.935407463,33494575.509090118,24746496.94735064,96840846.94178744,80806135.82384616,35862619.08626245,106729267.36270306,100638725.93678977,79414912.47659934,20975224.973434296,75483502.84748164,12145406.953707462,5663249.426985952,121025697.86741923,11243054.212477718,8737049.351716364,15139613.02843315,1,0,0,0,1,0,0,0,0,0,0,0,0,0,0,1,1,1,1,1,0,1,0,0,0,0,0,0,0,0,0,0,0,0
16600902.23377748,17846709.40060416,68976469.97150359,46615929.94741019,87707368.91198389,97616548.62491916,63478760.44764731,59598950.58516104,13326041.215479221,72495106.9581798,23025979.667252872,122689017.08283077,95276652.01316564,19311147.638863023,40422046.33196758,53628895.15582286,121259582.30027111,85114868.35682021,42919882.676589616,70363984.43746148,36769696.50224175,83260198.02351148,2947297.398563599,25429726.213976257,38221862.56812526,104530607.35188876,110758503.15249963,38308470.48065356,105915319.65613678,1457230.4814208548,9523675.655079471,77637035.12782285,14921966.799688747,4763199.300383193,1,0,0,0,1,0,0,0,0,0,0,0,0,0,0,1,1,1,1,1,0,1,0,0,0,0,0,0,0,0,0,0,0,0
83319729.3530411,85104191.73519774,106869672.49546972,51055612.82083045,82292214.66103995,93900383.89488272,63260042.00169231,59889439.7843415,69395927.66764064,83880144.50909482,58746605.34617341,63831530.71407273,32912587.174573146,18012569.13273457,113581114.03569518,58136905.11997412,60032548.31968117,32021034.09453167,6680030.9387880685,11453698.861934314,88367671.82586116,88416267.43910852,105745754.83812037,14426532.561266994,93564838.86979015,62260530.50338282,51751630.36646343,85893574.88931139,73381466.86226645,36807252.999880016,89677261.12495142,92314699.18819782,91803703.82889746,36752641.24445781,1,0,0,0,1,0,0,0,0,1,1,1,1,1,1,1,0,0,0,0,0,0,0,0,0,0,0,0,0,0,0,0,0,0
69205357.17167498,109587855.50905968,38663572.378463484,25635407.59102346,51720361.60524582,115905346.87004498,20028770.81382917,32884362.34100064,28059479.68565594,113794059.19651437,80300024.96805441,42581440.981841125,124281338.79959595,47281463.00268829,39667641.39176186,84902269.2326351,38387093.16584785,18451187.568022203,111121097.8057948,21864090.761754483,27520663.85449262,119463100.84480503,6376104.556871548,52415802.55206772,116986178.0810198,15347659.006176906,19229025.3270377,29796463.812742434,44894922.207396366,110457603.62303369,123005207.36821783,41418237.443176694,11064647.52392617,34901587.87098718,1,0,0,0,1,0,0,0,0,1,1,1,1,1,1,1,0,0,0,0,0,0,0,0,0,0,0,0,0,0,0,0,0,0
105392700.34541014,3866951.493831155,70712300.54596825,21099543.36565208,53940659.909827195,9223378.319282362,44668719.89160273,52624385.11865805,18906340.826306127,4999658.756686759,35437331.97582254,35649350.070345856,16488963.703346834,86415355.20193063,19371614.101680968,14672160.8690975,7064478.411734987,34535402.18273824,30395842.14517676,112897701.67839822,70126309.90690261,37841139.82869074,80723099.98143934,32662759.87132722,93711183.66562013,116562633.1495845,113022694.1676637,40329103.35042125,28469210.238404214,92203898.75522694,35716720.76021572,8216072.2730892105,70985676.21791157,36958862.69181654,1,0,0,0,1,0,0,0,0,0,0,0,0,0,0,1,1,1,1,1,0,1,0,0,0,0,0,0,0,0,0,0,0,0
24904360.519865926,121089770.55021182,26901147.678959236,52050368.914613545,31051482.85911103,64911894.40035702,26816749.34039943,8524467.350715132,52748349.07540057,61292019.531454325,97587099.30997486,35996007.38146971,35318748.33394523,66277219.00176283,24547381.870259684,22534594.196507867,57131840.14952224,114189925.7735519,123241634.07727377,76432267.09682864,78110690.50547533,36039414.65053654,124226502.20712492,58417999.2464816,34142787.656118184,52947447.89424366,84268218.05972622,103824660.27438192,122657248.28046581,87414240.10809726,67578629.65812176,67603267.95555902,114447523.0495141,70691166.21496457,0,1,0,0,0,0,0,0,0,0,0,0,0,0,0,1,1,1,1,1,0,1,0,0,0,1,0,1,1,0,1,0,0,0
110330402.01022142,66931169.07705505,26333712.343811475,21267943.837900985,41895232.02848594,67469904.5286715,79327699.8348754,121800124.39408109,114519822.86594337,74889996.72084804,85306519.91528505,34232415.41668114,94473202.55357635,17988796.421863224,91203197.74185874,2278073.258337078,124408930.79870689,113731704.99411605,96651054.3148512,49823612.53981622,37887689.58721738,98212707.64820401,84909828.7547568,67243605.98744057,74276930.15301941,55097688.65873656,124066265.1645545,97816392.92009883,105509109.56167784,84759651.89258878,108795131.74061333,108289555.494423,91988515.70922962,114704463.93517636,1,0,0,0,1,0,0,0,0,0,0,0,0,0,0,1,1,1,1,1,0,1,0,0,0,0,0,0,0,0,0,0,0,0
27202469.836599965,60404148.479528755,22755683.44179752,30153449.059224635,89846809.11127357,76798716.65822701,13888153.681993157,108286774.72235352,113528554.87980738,123479516.78664024,115019426.38200903,70464178.95341745,7919263.071318036,5497465.912390827,88427006.3830207,17400419.546612628,76798325.58820288,93690178.30768652,112310827.33454752,12012751.151702095,37218261.52019256,17958665.762358557,68487927.88509986,60235295.90389633,23602958.948620297,74541021.43630941,79336605.76190148,84348724.48760116,107179900.38290583,32868492.572838165,37997602.24981967,34675453.86124624,89989356.9004446,88641214.04499021,1,0,0,0,1,0,0,0,0,0,0,0,0,0,0,1,1,1,1,1,0,1,0,0,0,0,0,0,0,0,0,0,0,0
88315511.68321697,15442905.02226211,15772538.71580891,100837388.69573787,67716194.70013155,97451246.01264466,40166436.00669924,101487483.36438182,11433729.990796655,54580209.55719049,39204939.18113885,27271671.314244136,66314711.76125571,33730232.574978985,48761235.79910942,58607281.27979975,70216034.7821768,64321858.02559676,37467285.66314226,59887176.6349681,14979176.279369107,21196456.156723395,8791802.11283806,100207066.32895352,43401739.64735741,27701072.633762963,94760600.22246008,27806556.881820478,70374935.82135552,696759.5016296544,12985177.859496292,76057407.21119249,36550528.89174151,105453959.15939221,1,0,0,0,1,0,0,0,0,0,0,0,0,0,0,1,1,1,1,1,0,1,0,0,0,0,0,0,0,0,0,0,0,0
69866968.15509546,104813118.80675842,86727082.41077797,82236711.82688548,113930520.27813572,42893416.68500116,84922400.9371433,9594047.221734514,84592490.5120506,63273776.42321596,89297704.12317006,65239569.43039363,80359250.8279419,1265349.899906933,123849437.34783307,118253075.40982887,93205954.02505481,83830729.63985538,112406942.8565103,56408883.4957421,20081553.019837677,123822768.62053373,25987644.64409887,59337355.96328881,10301199.88384713,92153687.01487324,104632414.1371643,15824369.55419579,74681715.82663704,22970706.593845684,101686414.84218404,120118269.78826633,92241846.37708603,79843237.66383652,1,0,0,0,1,0,0,0,0,0,0,0,0,0,0,1,1,1,1,1,0,1,0,0,0,0,0,0,0,0,0,0,0,0
3313038.2492156867,9131239.090825176,41161243.382892616,39052609.32013142,19675261.72797428,78810318.04881081,50288489.12589623,6646741.5155728245,55856068.74756633,1116145.7180901542,41755657.725339726,16326462.656175071,88241478.27875353,110639041.2134381,61809830.00611755,3083371.6563579934,124745938.52282493,15716928.186329942,80068241.16795059,66261211.51206425,23040716.962320898,74539506.20767175,39997319.28420081,120193623.92329153,68777322.36074972,95753407.6231511,105440108.7061741,29090841.79239101,103910229.92486632,14218805.571910756,16183882.498511313,212361.3189497781,63531829.57714605,71738743.37774874,0,1,0,0,0,0,0,0,0,0,0,0,0,0,0,1,1,1,1,1,0,1,0,0,0,1,0,1,1,0,1,0,0,0
5580744.049756859,51827187.86196964,124285336.85682508,19580395.715541653,89601092.2990269,3865338.76463331,75732351.9922187,25650031.89249127,1636424.3979386792,39167665.30014173,60409321.37609012,8641404.290412977,57787.41498792356,36394661.31957363,76996066.49720967,124258648.14012429,98738558.31449398,120795013.16937782,61072237.55293665,10127256.27907958,17480152.313161924,78973386.25344117,61211636.45572746,117255550.29600626,58389387.20908135,57610242.349326156,49543226.56970243,111875293.99074955,25822890.24212718,30864825.32732792,74351317.63852005,40125862.492978185,33978764.49531309,19132575.67163291,0,1,0,0,0,0,0,0,0,0,0,0,0,0,0,1,1,1,1,1,0,1,0,0,0,1,0,1,1,0,1,0,0,0
119056764.05901714,108431626.57124802,91896742.84889102,122982462.74260017,74751279.36308482,30999611.505728163,75977752.30055912,52496314.2423692,75408116.90675615,106916837.6506576,105873674.24892074,111742515.83503431,14408050.437532203,96477642.21878052,73555413.28473061,97861231.04109645,18446440.51916029,17421861.825367417,40871996.652633965,119047517.86217014,52887555.40383327,10757620.847866114,625063.4036816886,16178051.025101708,35891890.53173999,84807870.87472156,20283348.96374019,8493464.13804887,9084379.453654869,21836787.6757514,10503067.5292305,25718590.605574265,100669969.45641424,90623499.53281355,1,0,0,0,1,0,0,0,0,1,1,1,1,1,1,1,0,0,0,0,0,0,0,0,0,0,0,0,0,0,0,0,0,0
17782082.988603603,51822136.9998154,11522041.213840893,58447330.451508194,49891197.47596422,46157072.33296693,48137703.87160416,6405454.949717464,43852974.89232733,110766411.62699641,59887485.12277319,43515426.5758537,99125297.66460447,38301642.44896675,36801098.987250164,96003728.13235746,11785570.49518638,96589569.76164222,17917269.248480737,64358737.87369099,80804140.74560522,60323197.43260144,91310047.65430504,36615158.935776874,61243939.39675653,109417940.72313812,77071303.67067859,72557822.9459197,110582293.25544064,124007946.73057108,92450261.31010205,85810611.64216715,120116576.16829728,115790527.2098015,0,1,0,0,0,0,0,0,0,1,1,1,1,1,1,1,0,0,0,0,0,0,0,0,0,1,0,1,1,0,1,0,0,0
87698478.00029458,84340624.64213201,117566670.32472871,97359704.94853418,100754341.46738961,74489630.58406194,100443448.66877754,79258507.95555487,115303953.82866053,68164481.82969308,72403273.71508294,3674301.77083559,16470801.985662134,46818906.58002945,37575432.91719914,104585860.34231347,2265443.4282623013,80881203.72080262,104963413.88150941,30793938.36208574,39238499.89989436,46923763.998217344,8283318.649213269,22814571.813515805,47030358.908297606,43998664.00656198,105467725.58558165,24528672.5646806,252396.336828408,49701687.943986215,61512963.127942845,112387612.71430182,119163952.19971435,41119373.48884117,1,0,0,0,0,1,0,0,1,0,1,1,1,1,1,1,0,0,0,0,0,0,0,0,0,0,0,0,0,0,0,0,0,0
30643139.557058856,47411632.32573184,82111574.30047958,36952287.96454442,4751910.457296706,49341068.950812824,43427824.97451696,34342918.533173256,68983018.42198382,101171070.50217354,72645828.11067593,85126424.0360718,92652845.04314622,101192920.8013906,50173340.20771329,116349362.21246111,49709460.8510765,34535091.66407175,80483521.36274743,15274797.86927717,13553453.357492035,50558955.91389564,22560411.392353676,27630583.776516214,105469610.9252435,21642681.753904447,24334077.305490743,60656430.02941937,87654189.06375293,122771990.55725572,2884430.3597122654,28193137.500636578,25586551.739121847,78938750.62977241,1,0,0,0,0,1,0,0,1,0,1,1,1,1,1,1,0,0,0,0,0,0,0,0,0,0,0,0,0,0,0,0,0,0
107541695.5606342,20406931.71986606,62635347.065072745,7026698.696528606,28507883.207587328,41073070.84252599,118886275.87585334,24569240.422671553,94175138.55786024,39189616.90268918,53010683.071243115,81005016.49462551,120314367.08255552,78906899.37001272,94394189.04063493,102131909.53977054,73096936.83514221,77108169.71916853,46059227.31695453,3776321.3192222365,47671387.245588996,75024864.11518563,98447418.12990864,6643746.957998993,26944541.01163405,29144777.840552323,92552326.7932673,90612386.06236582,52323013.84077798,25303446.98343233,15536294.876972578,25111929.56515177,39217931.00556467,87613204.6085797,1,0,0,0,0,1,0,0,1,0,1,1,1,1,1,1,0,0,0,0,0,0,0,0,0,0,0,0,0,0,0,0,0,0
55213959.07405735,99862029.4381878,56550275.520399645,15849557.513069306,124892814.9281449,98203817.77667035,72364638.99807487,81841592.36138617,4281776.865766648,102700380.32179801,56985947.09467205,35954403.71045151,18101672.194931883,65016873.6357087,111878739.01920478,6825950.501115376,62686799.82811162,15601373.430954654,32879734.643819842,95975083.69882844,49532178.13293011,28727345.376704182,24667441.316485975,121592230.1521894,42749865.768814184,69505322.1770304,25746811.823884062,52397128.93213398,33703692.75652303,2141340.8412896604,32412708.753788132,367587.4895016554,66698229.72684866,66927788.21115215,1,0,0,0,1,0,0,0,0,1,1,1,1,1,1,1,0,0,0,0,0,0,0,0,0,0,0,0,0,0,0,0,0,0
119676129.88192485,18738894.878805496,63732245.93703667,115664432.62898178,2658653.4598098462,93770375.25611964,98809080.35800123,51408915.74905767,42617450.763579845,64791319.32082514,39541458.403725676,57032793.03596171,49619204.79099431,36214709.078135945,89746293.51621166,31639107.49707712,28659449.930481404,60754603.64984962,119397854.08933473,71599492.87329449,54965675.52435851,4611621.145597395,42807835.462892406,11258122.376155682,121968604.2867302,86980016.14059833,89453990.81820232,90878535.30650781,77526979.31588542,76123661.87219091,71179582.2365368,32739827.08970608,21625222.260211017,13774498.705963416,1,0,0,0,0,1,0,0,1,0,1,1,1,1,1,1,0,0,0,0,0,0,0,0,0,0,0,0,0,0,0,0,0,0
41085553.05658295,48181923.33821898,51359272.42056449,79821558.39249565,22055514.922251675,113379182.78553918,96277601.74552056,111428403.78887334,53100155.72423213,105843390.34238778,90415152.21937513,50111956.0730715,38165129.47228082,109818276.899653,13605154.958236814,95320558.78287727,14344140.86157026,11443664.557513397,6324122.166060994,86702058.60305536,73646289.63344799,53792839.500224166,124044041.9125337,1141694.343638446,24781744.74046482,45350232.67022693,85463926.85263132,68620072.9641399,11069439.517075434,53533608.59353336,38274109.61651527,82536548.52439444,74799498.70900978,103309642.41927563,1,0,0,0,0,1,0,0,1,0,1,1,1,1,1,1,0,0,0,0,0,0,0,0,0,0,0,0,0,0,0,0,0,0
69196860.6610997,56024011.30451672,92112044.03684641,123053108.6579954,25375086.52968834,16667038.920606881,84082470.88543408,31301293.921035126,70604947.90362513,72051376.92829397,65914906.00121525,73959127.44315161,72551196.34019046,40966773.87172702,93983677.33111294,75126303.37878998,20052112.252157573,29389925.169069987,57240673.021097384,7534162.226427519,61794769.10638457,45179889.75528413,92442432.5422645,50052268.602520764,58922877.987242535,32528970.561755385,93316938.49240531,45059012.18873927,68722005.92009415,65325702.0185101,76863647.70364296,70007612.82254604,21484686.560372375,118550073.58967538,1,0,0,0,1,0,0,0,0,1,1,1,1,1,1,1,0,0,0,0,0,0,0,0,0,0,0,0,0,0,0,0,0,0
5148841.091378352,113553183.5427269,113285753.83583969,101418025.20840387,2848507.791995949,51107456.348429404,56191688.66730803,15436987.3783967,73278626.68144703,26902359.479583573,111720407.5359394,39723508.89994276,124543366.68628909,80913706.00049528,17216050.956642345,100611536.5050015,22870457.553117048,80016748.64148226,28576256.77269697,88772203.02849576,110464162.19736257,85147251.3680533,11716741.875994937,81215735.01231545,61899791.30188461,73638141.23200005,114490268.17379923,52127818.10887014,106198347.99229752,34406698.85247887,123656790.32131885,87740364.0670427,11496550.724172942,84121164.05574252,0,1,0,0,0,0,0,0,0,0,0,0,0,0,0,1,1,1,1,1,0,1,0,0,0,1,0,1,1,0,1,0,0,0
113781970.26550229,28445491.50913668,88545469.29462823,77266316.857313,37253932.379174024,85126995.84913936,35269529.030633435,18468045.549086303,51429822.52225018,65420862.39526479,76105901.88646834,102787796.78175664,42168648.780418925,77298664.93687017,106101780.65995663,63240237.87920166,121910603.8481925,45496212.864610694,2528507.3758833846,27334614.02471245,122530850.8338218,31085151.75567235,119222889.95460534,86802709.1038443,113702643.3090377,72788080.48008351,51753099.010241605,48125123.64236758,117025765.39408983,87556609.43218654,15496543.658937339,97917409.88502541,122537597.61367084,123209064.90427405,1,0,0,0,0,1,0,0,1,0,1,1,1,1,1,1,0,0,0,0,0,0,0,0,0,0,0,0,0,0,0,0,0,0
83156739.09812671,37300780.13124392,55202932.326275736,86446508.38114807,41662195.77424932,108574160.76244904,33412871.717336267,98428218.31909147,39483549.97983414,54361969.038644314,90784273.22301863,41826819.8373734,64216704.20680322,67538354.54578646,78752225.45515022,29255868.882009882,13575992.935161225,82630272.69523807,2440311.472824837,14080382.087993642,9293675.592080101,75537407.20061374,81563920.05875255,37560755.94436797,66427761.337970935,61010866.73377529,19232886.034560613,1143053.4234471996,13591099.129731439,25887418.843484644,27445341.3028231,103710204.12660111,6621341.392474945,68374105.134776,1,0,0,0,0,1,0,0,1,0,1,1,1,1,1,1,0,0,0,0,0,0,0,0,0,0,0,0,0,0,0,0,0,0
64009383.627988964,77845.01899543707,112320759.5756054,77732887.62914497,77293757.19655614,83349493.94700736,57252773.24335975,54996932.4659181,24572143.752706885,9497653.029184293,80313052.08247502,57219876.2149002,4594577.944994122,101818088.87971985,12606897.201929376,76691698.27338779,25337859.90323889,109054215.87993892,71557445.14788345,32315379.54470925,68219589.97580536,6581870.371952323,45921692.08408901,49003527.82241857,95653097.53484675,110176355.44086488,88422159.8350446,79453002.90855831,67571660.4826505,123595033.67516457,59185803.38012087,21751279.487892468,7311091.500733982,94949454.77851364,1,0,0,0,1,0,0,0,0,0,0,0,0,0,0,1,1,1,1,1,1,0,1,1,1,0,0,0,0,0,0,0,0,0
71404367.95129861,97510473.96020395,39034535.95627809,69219146.31159426,10937591.152105125,117611546.32691948,121277412.6227559,106874821.44842583,50958897.41920429,20610577.8326993,26997272.884599183,91746790.36904202,89585276.80821055,99103747.43071485,52845886.329542674,112637396.72305433,12007389.3691857,113099032.94609068,12063846.658732835,57248191.8998115,89276628.5824677,65627155.33301371,86572446.99139673,18478985.17655152,85556916.82051526,73514400.3881457,13510051.513542598,119411649.20313656,75339121.12164675,25436747.058898754,115554019.62114675,116315683.88361573,81320303.4608393,55165217.69772925,1,0,0,0,0,1,0,0,1,0,1,1,1,1,1,1,0,0,0,0,0,0,0,0,0,0,0,0,0,0,0,0,0,0
21149144.13384496,77587465.40843858,33412876.17980122,108828221.15632138,23954404.89831421,120050822.92341326,122607249.8559594,46934942.88673792,12791313.749608468,102944674.99485202,75498181.92668587,107298498.46755658,97153190.86236489,30071886.564747676,74129695.39795958,78641937.26988873,21849255.520861857,60544805.23371625,616625.4845885163,16683208.897414798,61403939.68816207,74394503.50205037,38323579.159681484,13857570.414226927,18415104.654056128,21424630.93451431,114786241.04155114,23823476.984995294,83445706.68179998,27701436.568224415,122798393.83805741,69711681.97562844,51286237.36291636,116121779.75703919,1,0,0,0,1,0,0,0,0,1,1,1,1,1,1,1,0,0,0,0,0,0,0,0,0,0,0,0,0,0,0,0,0,0
58826443.27842591,13681311.26859588,122030199.92905417,19012150.13927173,88316144.44476612,50661319.54949028,49663281.9062441,22335407.16564705,42952432.2809631,122448510.54389761,60264304.1784986,117142060.81519029,121247417.1568501,36839286.41429745,97559384.16437659,14020258.314558433,27423015.395378355,12138053.05336735,95194950.46972622,57430258.50466744,17605441.816391982,64668302.45834759,70856561.65770853,22711678.113523453,65511374.173413716,84480487.48807198,55945325.84341719,113556595.67686039,54747518.90602188,40994142.793805055,119030966.32729262,758710.507830987,78299503.49354605,21962784.932123113,1,0,0,0,1,0,0,0,0,1,1,1,1,1,1,1,0,0,0,0,0,0,0,0,0,0,0,0,0,0,0,0,0,0
41440119.665171675,82435023.64002277,77175935.00752021,86734060.00992982,91443340.15925363,67053957.886537634,3463474.587629204,37014989.00784595,45364280.74170777,728990.795991501,124830491.11680642,101286076.73687726,45891957.33153133,2076331.9161431734,63031269.81356866,111989395.96830437,94239324.13674697,40471889.62602943,69987622.61750911,7672953.473483379,82321313.9310313,5095554.246324171,83906045.81175439,48427879.139074996,29413392.336590704,90468203.12495548,13261673.679708585,105824848.07593304,27312136.149567507,72426704.44720812,25408611.408174045,97980274.77802683,43069831.02277198,104260932.08348544,1,0,0,0,1,0,0,0,0,0,0,0,0,0,0,1,1,1,1,1,1,0,1,1,1,0,0,0,0,0,0,0,0,0
6825339.798676613,48393976.71145742,81434782.25490114,104362806.37103616,5607607.4153415235,108711021.23464473,102489200.80269699,81895930.58257721,108694877.75098954,98304699.1609674,13418649.278382374,36108669.71290457,69460156.25203067,80791823.108972,27504890.073193062,37981914.128992036,1314717.4507284435,29394222.674651403,89350432.29138242,21380887.50623748,7426578.455105881,108536122.4371769,24498092.436443366,67442080.11206597,17864080.753881913,116088225.05921106,80432000.09461276,47858850.85734951,103725142.50016196,40895537.33043657,15806611.519413479,93105417.15534145,81750146.61218841,90357085.86873066,0,1,0,0,0,0,0,0,0,1,1,1,1,1,1,1,0,0,0,0,0,0,0,0,0,1,0,1,1,0,1,0,0,0
12240313.700550197,75887825.36874756,24045910.730876926,79299861.6988888,5163910.965595712,75889848.19744843,51810892.58695546,51119250.764892094,93643704.70569745,94428107.67370866,119271770.47498403,15688712.136364397,27338212.765962612,81239897.11448427,80354121.9836879,105681711.65793855,114330017.82026361,27394470.366741493,86197793.7783934,15866977.915200602,61077994.8665186,19756388.156159103,7040688.890629355,55375482.552754745,17525212.74296838,73696375.06532028,23748058.546149403,39681776.82018456,123486659.85729094,26717112.96750988,66947272.5684433,96637957.0139148,34957660.818119235,34026314.36459772,0,1,0,0,0,0,0,0,0,1,1,1,1,1,1,1,0,0,0,0,0,0,0,0,0,1,0,1,1,0,1,0,0,0
22271937.72192347,90444996.52520278,67917556.27000004,53095771.44094546,17145644.395662587,18160624.50676272,107968404.01092917,24465281.31174039,93604589.65200397,61608811.424955584,27594740.01447838,102295479.62562814,36009463.68045904,107575835.79692738,7328050.652474331,111320753.97028254,85381336.55045094,99506928.62124093,122637332.66034298,77879804.06314434,35737182.83279294,69404792.39818107,414602.23426747625,78374972.113193,16226369.572062416,81913069.14556368,12630243.731472598,109704962.18964082,49770030.78687091,13906328.78108125,58056237.44749593,61051706.57812063,49015233.37995939,1240676.2684590383,0,1,0,0,0,0,0,0,0,0,0,0,0,0,0,1,1,1,1,1,0,1,0,0,0,1,0,1,1,0,1,0,0,0
56700542.212540336,26404489.533103295,5731894.662429573,14221457.74695161,5719335.87280297,114718645.51459977,81694280.13204134,15854758.801964318,101752758.63356479,120771917.95999038,15577069.1718879,4448260.221387736,43037476.82799027,97154111.1280093,101098441.9746257,88560126.42164391,87584235.03843273,68759628.62862967,38084235.74690237,87158474.56981738,21871790.370717023,50983707.444008395,29152373.554319043,91687849.8989083,71863656.98674914,51292701.06526533,6344390.544814701,119636495.58694145,94342123.34556313,25787486.114267685,105059516.68605924,96950589.38582824,94706870.45661987,104528349.3700681,1,0,0,0,0,1,0,0,1,1,0,0,0,0,0,1,1,1,1,1,0,1,0,0,0,0,0,0,0,0,0,0,0,0
17121107.313161504,102059627.452311,16000000.840604577,4329297.914340259,7075776.97376644,83182536.97959617,23427216.337800033,69760773.56500565,119552449.14316338,105905331.15570682,83071074.93393172,72505390.89564683,19665153.446041632,90656696.1000625,49313849.18654151,46883837.30388307,103161255.7234788,122836489.7534365,91443989.76905942,124913861.50526312,19870028.61407308,103446162.4385908,636426.6403852134,14695201.885734148,117860881.2500295,9836650.866618445,39750991.72740938,58765106.52848681,109733746.06548735,29450589.57158764,51252468.4030572,29680162.33539901,78113644.84155454,106453267.69325963,1,0,0,0,0,1,0,0,1,1,0,0,0,0,0,1,1,1,1,1,0,1,0,0,0,0,0,0,0,0,0,0,0,0
104799571.86694503,48945381.34045194,100730729.03307067,41237110.26537746,104334007.02216533,112950726.45792077,124037702.35715303,96452920.12447636,37337459.742051125,35125886.19207912,6040298.318027945,34079530.39148355,67875623.11601432,28548382.245188035,14845296.143727614,7612183.673316046,6451747.840704562,26486816.86138856,87286899.39694819,51927227.516280144,116154456.56686918,157309.4518287862,107306897.01996122,95689796.07327425,54356815.70082506,109194008.11321066,23666680.894597583,51596562.67635156,63140864.959154636,52930581.94967779,102334469.29906964,42942743.08259775,62125100.21116227,20492266.904987283,1,0,0,0,1,0,0,0,0,0,0,0,0,0,0,1,1,1,1,1,1,0,1,1,1,0,0,0,0,0,0,0,0,0
7016767.233399543,120817835.30630277,50917834.798508756,14720875.456195999,18812684.35458124,65107724.6636169,77976945.11022075,71381360.96866769,110852070.33089249,23812129.155300684,68342944.09104766,48023590.02335841,119717408.57536262,124074694.2849919,82095618.58618715,24097007.649777003,10231176.201681867,69096958.0507244,122424379.12807043,116363970.84305033,64901383.69863598,17061382.302510113,67032815.786728874,64883385.97366495,3715787.47255785,97104971.68613017,100298608.27218665,115854759.70707798,27861761.340774506,31877092.591581568,72801660.82959552,9120600.864748769,107518179.20783712,16373744.549461156,0,1,0,0,0,0,0,0,0,1,1,1,1,1,1,1,0,0,0,0,0,0,0,0,0,1,0,1,1,0,1,0,0,0
2260608.624757886,29978262.50233038,51042970.31359633,122003270.49046251,61175956.31922827,105427457.53345557,38808039.972388946,75153293.31769425,14272014.55963151,66635134.94670409,32196072.3201792,12534424.675486343,49599070.990429014,113664909.68747434,2083022.46912547,4385870.94701127,72710721.73026788,41822457.0005757,5375361.885341572,115205972.328604,115779433.88101813,60573556.78599429,81135843.96853387,106701681.05861335,87160667.84656188,65428097.60091171,27928902.752763957,6894480.753268557,9268470.081509875,73227916.85738935,29003835.161677122,8620233.301406926,105807228.75759457,90529737.29481624,0,1,0,0,0,0,0,0,0,0,0,0,0,0,0,1,1,1,1,1,0,1,0,0,0,1,0,1,1,0,1,0,0,0
1682099.6491916361,106971457.83554763,58124598.640476145,55778951.02790642,119064111.78672156,101983725.8026647,60694524.5613878,62193531.00270048,14227586.502244016,115000577.48255648,37161360.34846124,36262280.31620718,108498734.75379121,67611825.14889394,66433319.683641404,70363765.66884029,22975954.279578976,100570094.5401689,101808674.53815554,84984973.0948938,54587600.75290928,109039347.77529976,46530921.65894622,43198684.282741114,118771439.72303218,123911072.37561534,44210089.631670065,85404355.04413788,74176698.9227104,123050281.96244471,78451182.6086177,15243550.8314386,57743392.97314146,792972.2777670658,0,1,0,0,0,0,0,0,0,0,0,0,0,0,0,1,1,1,1,1,0,1,0,0,0,1,0,1,1,0,1,0,0,0
5360313.716691662,41842652.42961031,28600561.008942094,119783641.03822252,120651805.65139945,60825561.77679631,11681297.329465866,37465679.55069389,119141986.41443874,6391543.123293554,25931821.915754113,28029193.130313378,115475183.06113943,25737716.90974554,40364934.4164028,98215620.28000495,109611838.50753705,9972676.394239958,74076264.1668077,69395366.86289652,110466515.03243273,37294688.742131956,118455428.95172302,4541701.222008124,1276331.1955045268,100221236.18161413,3746011.2500045844,32114726.743336175,56233079.72772402,36445216.88748143,44380455.451745406,11184160.769466301,120930656.89015901,18220729.366332613,0,1,0,0,0,0,0,0,0,0,0,0,0,0,0,1,1,1,1,1,0,1,0,0,0,1,0,1,1,0,1,0,0,0
120172661.2010395,11515808.4742665,74154717.05110659,71350951.39703088,33704412.00222724,21807749.0853709,56124015.8743788,41223906.823733225,47462253.237585835,27142329.31216436,51070585.00300256,1320857.2593534437,61978387.92123395,119801231.44302048,24785228.951127857,17473937.62391734,100771699.0584548,54349070.65162058,29173611.61220486,4142192.806675191,44711118.505328976,12877114.127800304,99167937.10380234,42898134.05702281,73943044.69483353,35511783.265699506,83999940.11457576,104452534.22754437,45714238.45139268,39918537.292269565,36901413.80291375,53065322.56147289,76123391.09360354,86634037.94798407,1,0,0,0,1,0,0,0,0,0,0,0,0,0,0,1,1,1,1,1,1,0,1,1,1,0,0,0,0,0,0,0,0,0
104141762.73164275,32586502.138470873,2699119.203977574,112679796.34512912,62618613.35563436,24502774.436681625,28682126.504646584,42202275.49256221,90935378.5532307,6511147.0987099195,50887212.80650993,52289913.07704426,108803689.82030578,58183325.14426004,31792872.31602118,81920885.00862743,68498545.1447848,115778170.79359972,78985593.00974953,110329837.32924734,116548296.38846374,2508822.961233608,13407919.59279323,124621410.0857314,34910825.1521425,3556529.8468979057,59258214.65736228,41022273.931051016,87059669.89362438,93957746.34268743,97204914.9822026,27064955.860449985,8333849.149938704,86969143.02546838,1,0,0,1,0,0,0,1,1,0,1,1,1,1,1,1,0,0,0,0,0,0,0,0,0,0,0,0,0,0,0,0,0,0
1804323.1135002787,29094960.84801842,43373933.65685089,42020268.340861626,104449140.22193447,3487432.205047496,89324763.51160632,78089325.77128646,70271818.55246013,61514760.77539321,693037.0991140396,95933622.87125114,43918254.57967621,87437978.85369414,13612185.886654707,46073011.409803964,34407123.22625662,17718504.532260317,50050749.84734179,117409235.57414442,114580245.01272543,50267209.331875525,44549100.614413895,28041974.33710914,90648707.93116829,107612192.95478156,118935578.87003897,104454848.62845539,40247064.25343975,76135395.34721883,42767332.55859805,56717615.99525492,25421052.533273123,10949232.13056848,0,1,0,0,0,0,0,0,0,0,0,0,0,0,0,1,1,1,1,1,0,1,0,0,0,1,0,1,1,0,1,0,0,0
3193153.2373940726,115083824.18277222,58632418.71153724,4462632.783559995,99265330.11098634,40315238.76464255,99223646.52697287,115606879.20218512,84637548.68634057,41947606.79321797,11648021.680978617,13945945.633204408,116952390.69734113,13820446.718992779,101922186.82951905,77181309.90260263,63990025.728485644,9997995.859692367,94809437.55713159,37072894.67834342,3226848.22023613,33122858.948005278,101860766.1318459,53659849.56039044,122723415.69570091,4906191.676669734,80666647.00767905,75524799.19264762,57071121.82547307,50769260.38689559,39850635.540515326,89654313.12068161,40183672.74847055,31089418.802236598,0,1,0,0,0,0,0,0,0,0,0,0,0,0,0,1,1,1,1,1,0,1,0,0,0,1,0,1,1,0,1,0,0,0
95008303.72524606,61668227.931394786,53847811.72436288,68170910.17114033,102345894.35378218,38273225.11270679,87156569.57166995,91866336.50631371,9379829.27921107,2089505.0879986074,92878675.42397426,95296450.97754842,50192107.00050918,41433354.9997747,75153525.45290622,31965113.773728848,6504908.864917414,48522492.87375249,50190547.18543705,32646709.567963686,99828381.98498939,41561597.63302007,86092769.88816884,33518150.077042546,107446693.9746224,33573591.60186928,111352542.11343828,69957311.1119175,64420746.76454719,118745889.55392383,100387725.17674758,101605593.46153718,50262886.65667982,85834267.66846955,1,0,0,1,0,0,0,1,1,0,1,1,1,1,1,1,0,0,0,0,0,0,0,0,0,0,0,0,0,0,0,0,0,0
94416316.48110482,96593488.34453745,86849233.58242573,59243998.69601269,13151004.889786178,24266749.233354457,107746265.98913874,69377851.10316008,12694821.107973436,3114876.992575251,103798071.21838436,84870735.39224514,39375153.63968534,112284513.38602164,17482734.270457562,84332977.41047212,87894484.50592542,17495.55891378669,96162460.19720498,75838621.91197728,7875618.821625631,68075119.16839238,84072846.03878747,31586166.934099913,73411088.43741655,104078579.36235467,106603480.30287889,76985711.43295953,51151492.55040056,257748.30503540646,11278564.907126492,30513931.417386413,8416523.750128662,53844225.29272744,1,0,0,1,0,0,0,1,1,0,1,1,1,1,1,1,0,0,0,0,0,0,0,0,0,0,0,0,0,0,0,0,0,0
51224070.17657621,77589665.17147924,25742831.281982187,23392571.586206015,6588410.445689965,89531528.29561763,124878440.9414104,54752220.380801596,19679218.4050999,70806580.95940946,119337165.6245809,88223701.50667872,124663767.1770121,10600846.244382808,50833495.7181418,34858911.3752658,1690851.5211338853,44456337.490875944,105753032.72917685,99802658.3628911,25620717.619446546,56093808.81825538,118534019.18134105,81051098.10166876,108976942.8921663,104681967.60232995,44677803.80769944,61734711.18349114,93028868.09612629,121150420.54475126,123539728.05811532,80503242.99525993,120013756.97263318,44863945.26296708,0,1,0,0,0,0,0,0,0,1,1,1,1,1,1,1,0,0,0,0,0,0,0,0,0,1,0,1,1,0,1,0,0,0
23432279.63451816,33185350.90317754,118389603.58766969,36599450.53014646,2335887.5066851573,21584707.513197463,51386614.463553265,12224407.957902387,33119040.416718226,106390486.2869259,118910420.11503804,84330717.57855505,114656572.24839012,35804304.83218557,107050070.14876126,104124310.18047199,93014535.07333143,27620417.730401807,20429876.71820931,44452615.63548223,14046130.10769792,36742921.07447647,52719710.37280983,21686752.726816848,71205590.04125781,116621349.89523344,108086626.6756609,100193787.40293823,95953979.286266,12174322.841681095,96302110.70910127,124142581.58795336,46783595.78109789,31107815.99835292,0,1,0,0,0,0,0,0,0,1,1,1,1,1,1,1,0,0,0,0,0,0,0,0,0,1,0,1,1,0,1,0,0,0
35195328.98794281,102224763.71935719,76520652.04725872,73765625.79434678,23515694.4726742,62069620.297375254,68768519.52657937,45448609.60170489,87633166.35997555,100991634.08145455,57588612.51051096,916579.44948419,98618588.00454396,121974825.01187365,123493212.40677123,94266136.89100613,63725118.57186902,76507056.08359881,12355436.16818439,99929947.2378483,61262012.45229391,91990982.27745932,88492790.68137299,44809416.03057268,20577032.515912753,15397391.168744622,48073535.797255434,92331218.60566671,122383485.80033197,26207122.14133038,145180.31318282796,30616217.497168936,52053589.4905345,112124829.22121435,1,0,0,0,0,1,0,0,1,1,0,0,0,0,0,1,1,1,1,1,0,1,0,0,0,0,0,0,0,0,0,0,0,0
102479249.41240613,11015038.06235941,20461110.698762804,90036695.54738505,15856370.42785166,15183825.091029968,81899610.82538643,104640455.64114438,27691058.044519782,70230583.36523105,88569332.94268951,85275035.67723514,12029462.729012677,79953181.3833905,72235362.24582306,14107231.502860561,66824005.439658955,61739609.724704534,5758967.570386825,90302235.8783721,107198638.62915018,7098806.655186939,74989073.87880413,84412402.33323883,35062471.61713074,48279171.78794047,119491731.83085509,82025262.48341772,64214913.36368596,38583658.69214727,20207363.555844624,22734945.38352584,57454509.65586424,107144819.51518212,1,0,0,1,0,0,0,1,1,0,1,1,1,1,1,1,0,0,0,0,0,0,0,0,0,0,0,0,0,0,0,0,0,0
105951895.8118121,123620494.79376037,78792759.59222783,59416717.20500505,9693437.519136371,83256105.11978179,36575658.49806874,88656340.21251269,7334088.700583166,54859000.626255415,43549000.91199114,36693992.28589023,102751583.81293404,29432295.039845984,76407565.40222716,54228388.96003536,11922951.77084225,5343621.30240038,19403354.28167422,99996529.33278634,56059111.64212603,83382774.63307814,105415816.10675974,91760227.3034361,7806798.026135098,92322623.97341546,11192360.19780039,111495937.59036145,44791114.29380397,67237664.11823502,113348573.87971824,124635048.5234347,12133573.522160696,91707014.49896471,0,1,0,0,0,0,0,0,0,1,1,1,1,1,1,1,0,0,0,0,0,0,0,0,0,1,0,1,1,0,1,0,0,0
74343040.10621749,123715585.2696116,23769299.08984193,111322921.0553223,3825287.6864811634,13200939.35919624,82914975.8277975,53383883.51713956,39557458.2454943,20501587.89771065,118452580.31472276,50884074.894171536,13804292.512971746,101393353.2549337,37376602.0176135,119476883.2448212,75684132.02551392,18773742.65826727,121876759.05939272,114732798.26859622,83437808.28561357,5461841.749410058,121903277.19046742,78600635.86088452,1536076.6215462019,81091446.43965665,49632254.162533715,122718171.68714637,16383007.250344561,109271696.47368683,48023379.3615676,67757312.63580896,110370061.16018635,20296733.759492885,1,0,0,1,0,0,0,1,1,0,1,1,1,1,1,1,0,0,0,0,0,0,0,0,0,0,0,0,0,0,0,0,0,0
7381205.202872465,50245221.52468605,63523403.80290738,97622822.42750172,74084741.76744828,14352701.26886786,42622930.42514691,81854931.75414008,5832673.272974766,68637559.68246287,67608301.8285815,67321284.05539139,89154483.51516968,121121026.66407648,116491585.4527928,25544350.233480383,38569550.9929408,99614585.0866198,113371158.4015107,53067477.70452977,6334703.416984312,57289561.49446556,68053409.88360569,87571870.96805932,80304554.39771895,78278725.93517464,77818500.79487817,75090125.08151321,19310524.194409367,57417852.17541224,34958797.33568062,487646.617740177,41733205.09887593,117213903.01032028,0,1,0,0,0,0,0,0,0,1,1,1,1,1,1,1,0,0,0,0,0,0,0,0,0,1,0,1,1,0,1,0,0,0
13588539.137104316,109560885.31741947,35512934.80162348,9147738.202045549,28679383.24695437,9165806.320310026,111116602.88744219,50289474.928544745,85394675.54745749,76431767.60174704,103707163.67758733,110344903.80801138,58417962.90689724,112731363.77847792,33665981.83472225,78370502.41783051,47356060.789585136,81582765.88609801,99546378.543374,7301020.54515676,72562953.72696151,42521875.18660107,107961893.36245391,33634517.756432354,102643274.55651225,84420548.2270648,108041869.66026132,44604818.41653999,24051397.026449285,106374768.25385343,64271538.81321358,113424844.32693942,100883187.39807652,98750802.13525073,0,1,0,0,0,0,0,0,0,1,1,1,1,1,1,1,0,0,0,0,0,0,0,0,0,1,0,1,1,0,1,0,0,0
22525335.343843486,9478079.087369017,114237838.25371584,60265581.41935338,114593440.21524036,10236011.91721953,84412783.36348438,22299327.355745576,66754278.24874182,123976362.51105711,96126696.73586616,9673181.06171046,96277526.2287738,49197251.01281237,25363440.956040155,90541088.46877432,104004508.19906458,100934590.13745444,114244757.65730537,99306095.9714389,110768774.63692579,2928267.385426694,105621045.73141365,113769361.16669235,75509232.29195835,100327492.2577906,6447947.716690104,122346013.14158027,55486887.460854985,91907391.28574486,4036647.5427652583,6622635.202314638,105299035.74551252,25397026.935362913,1,0,0,0,1,0,0,0,0,0,0,0,0,0,0,1,1,1,1,1,1,0,1,1,1,0,0,0,0,0,0,0,0,0
56183479.97318552,54483678.20970334,115517608.2369267,53735641.316969275,29161503.397175796,18105302.730459616,39811149.30358936,116157756.37643266,96389704.74738887,53117284.683753066,80785573.14414738,48845863.088924654,70666425.1641328,90569485.62140423,78529943.12890269,82052676.7016129,88593598.43864162,39426372.96058843,66439550.20029736,6205755.192876299,25103708.92094031,89558394.09010196,160423.92171575973,85936470.5016379,110830790.6252267,42040202.608830534,40480882.57662981,5132874.031226671,88540234.85380976,23241869.378980536,47640441.8968776,96730938.05529684,66326519.99397055,32748256.156555593,1,0,0,1,0,0,0,1,1,0,1,1,1,1,1,1,0,0,0,0,0,0,0,0,0,0,0,0,0,0,0,0,0,0
25450163.300739992,36661014.41423638,19795860.115664963,58623805.755496636,3621277.214998173,5015324.6832803935,99088816.58605306,69139397.88841933,89300456.9632595,110291460.85316849,32563708.885288265,52892866.55447082,118955001.5152414,65756527.094581045,82262720.21619223,84360907.43709113,108450853.14376774,87413211.90345852,5472699.35804648,29747634.508012332,9048397.58147758,78081149.1028288,47463011.79932101,78075283.85295457,119214611.34045641,62429116.13959168,19123620.44983177,39889003.93523991,54447508.866635315,96325828.10948731,92307818.3642267,104961688.70773773,70941017.38485385,119571207.98444103,1,0,0,1,0,0,0,1,1,0,1,1,1,1,1,1,0,0,0,0,0,0,0,0,0,0,0,0,0,0,0,0,0,0
113674364.86117068,16814082.322989706,66833229.66483409,119708176.92580242,36576507.1196925,43169373.51685546,21948162.817035615,123530956.58437207,81278543.14224023,34841683.32225168,121257276.75039488,18357032.448635116,120872956.8059615,72714452.76993921,64464196.775277115,124498106.36819702,123464652.37453555,31738525.14031683,91294921.54001805,55621757.4412478,51229290.56511352,28835959.162688848,24549851.517530043,83717557.3134236,93245417.38473457,109923825.91367754,100751606.72759578,27722918.193025958,113590643.61799951,35713862.31736948,44333412.78494373,83332714.92756285,3865160.812768583,79830139.03048293,1,0,0,1,0,0,0,1,1,0,1,1,1,1,1,1,0,0,0,0,0,0,0,0,0,0,0,0,0,0,0,0,0,0
20795084.939372204,34386151.87889922,104684283.71383236,61581492.12607666,92793608.39020069,50508636.91309917,73846382.58079816,63093021.92458597,25343432.917757303,4945085.624253809,79806452.86715673,65130437.3313902,73488462.85097046,53755810.20565784,30575538.760699734,112969882.560496,99082322.90475126,104060831.01490706,88016151.44320121,102266043.74645357,113976259.45905584,9468017.20897191,84142021.83066152,44026940.45335405,108166085.31482792,67145169.33037853,42119838.10665101,78549248.99944417,46871150.16691182,99048949.59802954,110853853.55142924,8507982.950097954,77120551.21806957,15156340.545202931,1,0,0,0,1,0,0,0,0,0,0,0,0,0,0,1,1,1,1,1,1,0,1,1,1,0,0,0,0,0,0,0,0,0
8411938.683669494,43637352.09906825,97919674.42010862,17211124.783354912,341612.175979187,59141862.79118786,123843763.03504324,49255687.36448768,121936487.6649126,19552304.53071159,123990741.27423917,123994351.19800359,109790792.86575635,18792134.010207668,14830990.569464192,7355941.614701981,119763027.6026497,97404670.87533648,75129832.50790887,88425247.04161757,51185748.11305001,43103223.76707408,21067649.812233787,44082324.8740388,71732626.38700396,23933636.750422623,97671592.49528591,107025980.35377277,33720461.29807046,55709116.95441243,5212092.372629138,105841486.41789669,14525052.188397938,7565906.199553267,1,0,0,0,0,1,0,0,1,1,0,0,0,0,0,1,1,1,1,1,0,1,0,0,0,0,0,0,0,0,0,0,0,0
72624525.1110432,114645849.82980663,89901896.03638336,60113669.291194476,14115491.34569375,107863878.37764086,88892358.29925716,22188566.07981535,48029663.64993918,43780065.817542054,16517629.647693396,39045931.14009149,71944070.75687279,121300008.61312635,45193433.328294046,52946887.18124112,31004839.06355738,54919759.38034975,72570773.87228115,100021165.01272483,75495749.880002,97910362.86015224,76118898.63685818,91930508.66855177,7921848.107628971,21436482.079328664,104633835.06424183,102040467.96970655,2615049.8978901547,86690612.56141567,15140109.572942674,106526940.09979244,94901294.64554624,64710676.73289727,1,0,0,0,0,1,0,0,1,1,0,0,0,0,0,1,1,1,1,1,0,1,0,0,0,0,0,0,0,0,0,0,0,0
57788164.73950163,17423600.74967606,31507326.821280785,51377537.16282761,11738768.899225399,97124091.99702877,85574420.38908702,34813879.21520466,62405618.6637126,50939197.38643268,82782862.87826711,8620785.25525712,55518253.12501738,85111804.8826855,95400897.18810923,100854484.98400418,59782435.20409892,116645152.0035708,62721534.292279355,82264574.69962586,116740482.8104232,20708239.4970916,26771913.262734782,124473738.2090338,72345285.19191921,45643215.82577399,58260061.67424912,102860817.8801038,91559713.78880613,8382860.46043943,56657059.83756032,98761746.12760878,4003833.482848934,15503446.262046859,1,0,0,0,0,1,0,0,1,1,0,0,0,0,0,1,1,1,1,1,0,1,0,0,0,0,0,0,0,0,0,0,0,0
109498161.17028712,82995263.35024108,73859958.97639494,98575996.04923508,18140831.277353972,1958558.3497438733,31085787.694945462,71771572.40461487,98023169.39279555,91564848.89846992,15505895.161610069,108776666.66904481,40145436.63345039,61749850.2093046,72490469.48492523,16075234.62209356,8660032.240880424,47585787.09870297,5520957.291836706,101027957.0700142,79940457.6797022,31094836.43046271,106110664.93693133,56653008.858169205,67579518.10421179,124977719.22112758,14915002.980417851,58408889.13421522,120846402.04649843,103100927.88122286,36254264.53177809,32955724.273210444,30224915.022475213,56145390.358224876,1,0,0,1,0,0,0,1,1,0,1,1,1,1,1,1,0,0,0,0,0,0,0,0,0,0,0,0,0,0,0,0,0,0
30208882.559521362,4702338.370232833,30048916.73862575,49512001.455732055,44974177.71842092,841362.6746353259,27526400.145075493,100224402.79882242,107630574.46372564,32374443.38164305,105705484.20902176,65378023.28240005,60186036.84386863,59183410.18988825,81271626.8268751,24394052.126893792,114132750.11559315,19771240.549840327,115195068.33077957,33683999.23351709,13696466.355240935,25187251.29716936,100189262.48642455,15104768.197697736,462803.70692504063,40077053.30017277,96921845.38354161,101301918.24538861,111359966.00807859,22128503.10703035,105109748.16333708,70802606.41969058,122939304.27274077,41124082.073898934,1,0,0,1,0,0,0,1,1,0,1,1,1,1,1,1,0,0,0,0,0,0,0,0,0,0,0,0,0,0,0,0,0,0
18691536.055720102,101294133.2550498,115983816.18609543,36822480.13531427,49030438.38000176,88160389.53025219,72315804.02980788,18062442.53996862,108620369.03588407,79103266.65614854,104718900.94825384,25199637.27955339,106673502.13040583,409516.52397572494,1487611.3924216584,77983092.64907388,34562002.547369905,117793974.52234624,74355207.01685415,70344670.09375368,99170862.32722206,235543.67082944358,101998202.30049874,84861785.12904003,124600619.29413068,121605875.91523148,48615898.34045255,49967647.93182618,34525044.545216754,15221489.016434407,17546699.570952002,106656396.10893561,33800639.27844977,78579019.46949872,1,0,0,0,1,0,0,0,0,0,0,0,0,0,0,1,1,1,1,1,1,0,1,1,1,0,0,0,0,0,0,0,0,0
91479259.67190324,60087356.83102501,14394506.760410402,64821499.745442815,56537481.32961918,81086018.30444916,83492993.16159572,64074100.74982607,21278390.611509368,44596727.91655592,58229571.98359001,88002429.30227864,26447016.18353984,3218690.2550319,43680890.143612646,95698411.73995228,55651591.98603181,88111391.04478696,31051070.057387497,16154862.930777218,56694564.614248864,9308295.700184751,98571289.71054432,105895327.74529202,20981337.3553935,122034003.44205849,102085017.1852594,40729613.83018044,8582064.806960557,49550408.002799496,52960452.83894977,112131547.88733204,5240537.960030923,4937175.504139499,1,0,0,0,1,0,0,0,0,0,0,0,0,0,0,1,1,1,1,1,1,0,1,1,1,0,0,0,0,0,0,0,0,0
78623426.40809968,123858249.24260664,64949662.265057124,16034739.40580681,16660713.741305696,60988291.490009665,108314953.40402333,108597052.49066484,80260778.44800049,76907276.19598438,51412012.92856578,24207702.38209047,78242463.45516363,120233133.92520157,12679937.530428035,110528706.64356016,72830150.88779084,20249840.791636925,73505949.61260544,79050999.16297998,100512253.10596262,48903762.27522045,70675913.19367094,101849842.67138334,117380952.39675945,51725965.74500526,117547279.4615051,97367685.17021564,96506982.70139709,64744164.401145175,60289545.9691875,90112767.26379697,64044087.12835443,92768618.34432791,1,0,0,0,0,1,0,0,1,1,0,0,0,0,0,1,1,1,1,1,0,1,0,0,0,0,0,0,0,0,0,0,0,0
75715483.82941887,41318317.58872163,88151793.7576522,1000616.8652462478,2149352.5569095407,70945245.63519195,82837899.14332487,103358813.95714039,56943022.843945846,110860130.16086997,48535383.93230252,68587778.3172209,90997261.59933077,1754654.202333288,107463670.09207006,5879843.53484259,38865693.39568198,4677672.112157239,44019220.13147325,81030930.87247916,89854105.55619805,109259734.94910845,19498491.139891244,34039554.29447623,16561013.754673293,23969557.02043576,77170884.47461072,81899543.0686578,98712889.16485207,88858594.88135235,73697835.20076072,82075680.82271583,47561292.912118256,11265614.484580547,1,0,0,0,0,1,0,0,1,1,0,0,0,0,0,1,1,1,1,1,0,1,0,0,0,0,0,0,0,0,0,0,0,0
121518097.89350209,109303794.30739093,110607373.77142583,82687110.79225434,92895541.58481103,26384835.12362332,27245515.669858914,112455266.4879949,112235322.43453367,89175544.30442877,2709514.9365771674,11636600.62730141,123844829.1257978,96122671.88082974,47687828.65985355,83498740.42557567,46179946.08257222,70442005.16086608,112495422.25922024,53727030.17252608,27421236.527188476,1026644.0438496432,45854834.05448954,18978884.021147918,117999822.42264403,103129238.21179128,59607585.23607988,98581830.24508868,117593404.59108326,78440191.49870458,60107279.497208975,26590052.442878593,100303159.29043381,61055907.91930719,1,0,0,0,1,0,0,0,0,0,0,0,0,0,0,1,1,1,1,1,1,0,1,1,1,0,0,0,0,0,0,0,0,0
3026746.7618581746,84904294.21814868,83658927.55247422,112181195.98571827,94304408.31018203,99255560.05471863,41020446.45018666,69611299.92279807,54167393.47166819,11713042.976618662,16766006.144887015,81449915.24279441,67942637.05262175,104166933.53024799,91763108.95132846,44687740.04018185,121120656.53729792,5967453.331832691,112568644.46073563,52375435.49627959,31435189.981563933,16771538.79029382,110991522.31009279,114521325.19266914,44977836.14848816,9748537.877249664,10698600.558385983,25679631.495191287,98027181.60168277,72465417.35728802,36334056.39057503,55467334.72043113,31390630.26675992,13896951.167883461,0,1,0,0,1,1,0,0,1,0,1,1,1,1,1,1,0,0,0,0,0,0,0,0,0,1,0,1,1,0,1,0,0,0
93643372.93639645,112252035.38599244,22160390.863026634,121747740.63572532,11229972.1754802,5311805.75282853,57391880.55079897,59943446.069957525,78782686.49023493,96107727.71725768,3388820.301796853,10607135.55620016,39001401.64070478,60584215.523372516,94498240.73214765,76234698.88997154,56085086.53250096,58988586.981328614,122053977.73134886,79260844.35514265,77696398.065975,50252495.15985245,127979.33384109667,59226795.07615252,42646503.03833062,54489283.87094318,4652777.432411172,7610826.464058411,59490665.47272463,92886403.82531957,214605.61093793623,104282748.82128435,96075562.79372266,73234845.53421426,1,0,0,1,0,0,0,1,1,1,0,0,0,0,0,1,1,1,1,1,0,1,0,0,0,0,0,0,0,0,0,0,0,0
53260461.49733943,83798744.2961462,42538211.4145896,67080387.474984154,19434065.717189167,29080402.130347118,25508650.674290564,32500080.420958724,116620405.58576411,120236565.37230417,93692628.09440485,45022117.85541702,64869155.243992426,86541184.90108997,1873211.391139582,11065165.345935866,103038992.27735892,119768750.53939307,55942741.707865454,14502545.25963713,38452223.87819627,2676943.602532173,85011486.49494024,122362716.54395853,84428214.14830372,89221824.00959061,54457011.21708859,81005247.20111257,13261863.562447077,62945473.45617964,64978832.6898163,77476063.98333822,101257647.11137012,29376137.55824388,1,0,0,0,0,1,0,0,1,1,0,0,0,0,0,1,1,1,1,1,1,0,1,1,1,0,0,0,0,0,0,0,0,0
101738988.78751582,48012359.87652062,110409497.20748843,47646302.175586134,9513604.885225995,122585922.4609896,16610234.82396315,21948745.749463685,100476289.665232,83399336.66389136,96121222.92776701,2613407.145306043,68211965.42107244,113979584.49581335,8462415.52913239,3027848.945280585,75690605.75003575,69405820.78402074,26954137.532688152,105812517.59334914,83943591.9824478,23230923.61398239,18211695.63303715,101367983.70053667,101880607.96660319,84559621.63295832,42435246.831409246,34241838.129062794,41654443.68112055,46689561.88592727,39434612.61712338,45574341.38768374,59408760.56953692,124176444.90216814,1,0,0,0,0,1,0,0,1,1,0,0,0,0,0,1,1,1,1,1,0,1,0,0,0,0,0,0,0,0,0,0,0,0
9068506.099883638,39065089.272230305,107641453.57867958,34502179.382029,116072241.93841147,106889104.55216141,115673272.66095896,68830639.01562113,102147885.65879819,18919843.808177132,80528265.17210032,6628234.267083984,45725330.27445001,29731090.593831226,79170510.5056977,80525557.58539745,478564.89356695005,105516505.04820448,117215810.32805136,34650958.23337913,121609514.84498562,75059288.40470237,122357282.62250768,68722938.75288825,6941297.394063025,110147567.7616477,6118398.158538536,29522920.269722253,86678493.63775596,64487175.96668988,58876559.51730898,6356402.745352047,97856469.34349068,89491524.15514903,0,1,0,0,1,1,0,0,1,0,1,1,1,1,1,1,0,0,0,0,0,0,0,0,0,1,0,1,1,0,1,0,0,0
1683620.4138946892,75913022.1342055,117825420.66272053,5042167.381137243,94579749.52725193,114752706.2302238,47749629.69154707,66656426.7066756,101135932.93811017,19165204.906119112,71067643.29739445,103628995.37675907,85665748.82328807,90914193.806629,124615963.88264696,82833470.86909887,54926289.70659294,91768211.42882812,16247974.041413527,98692395.59270833,62414921.386157386,111346095.80300948,82454508.88125667,35963641.31450976,18503922.75464384,72843303.84418306,45725289.36648534,67335860.84229654,12858078.718277548,11188510.369646812,32376290.10171588,39390371.71341334,47005331.0301414,61247213.30124689,0,1,0,0,1,1,0,0,1,0,1,1,1,1,1,1,0,0,0,0,0,0,0,0,0,1,0,1,1,0,1,0,0,0
93469411.06009181,58145120.44908291,103869605.55986375,72252731.97307256,12978662.150406843,103256383.08679199,40110126.48598119,467400.46806146164,82026978.91255835,93901220.92833236,20416570.4965293,13201164.737336332,94901577.4372724,92670036.76443878,50139157.35946981,25290312.77829609,46582649.51586956,63957398.43125387,114795997.40687792,22168745.927467447,111418759.04530074,8610974.07183588,32703390.360261835,85240967.28014386,123839191.1944056,73091382.60315214,120553769.32760534,44841759.319162235,36511241.897162765,93012538.12824401,113914313.65583026,71662491.98236302,43215518.41210107,10481390.906702224,1,0,0,0,0,1,0,0,1,1,0,0,0,0,0,1,1,1,1,1,1,0,1,1,1,0,0,0,0,0,0,0,0,0
46709141.583965406,39431530.94167961,38849941.88936669,69492275.84424512,12771636.347004356,24711291.305946503,91952145.37475587,121181885.15348111,80954543.70178878,50308635.07275064,26123848.707864534,85889909.75384344,6264323.92321887,2289260.383399585,8417001.007648444,42421447.15720447,8047225.396323447,111222072.53948633,119272316.97167218,66798270.59704382,76148761.81034955,39142022.24868356,13508326.837710712,6908128.516758312,46936139.70311997,118743955.54091111,14045308.572170762,101004361.96922654,70935832.23602155,28683185.83660928,9497780.368466862,1169604.0329001234,17566051.982739296,107806905.87536368,1,0,0,1,0,0,0,1,1,1,0,0,0,0,0,1,1,1,1,1,0,1,0,0,0,0,0,0,0,0,0,0,0,0
103146967.13043007,88347914.09742309,92710162.26095247,51379680.93050973,10371675.740907097,14372958.75106004,72072756.57026036,45070572.42102789,91392361.24256298,30349924.40819817,82507999.75495772,30518900.689440865,65797798.30116556,62786296.71636118,5521918.693815274,47827139.553472064,69220409.92563114,98560775.92055804,71486235.2608266,112556389.3282888,14816856.3393221,98768555.93800735,60229582.94145528,19514286.1990143,50046530.68623982,59133615.98161312,34442504.51636107,10811690.975773161,70063436.59281181,109954610.9510018,33270673.25271228,41865299.18020162,60728652.91577473,12183104.90593471,1,0,0,1,0,0,0,1,1,1,0,0,0,0,0,1,1,1,1,1,0,1,0,0,0,0,0,0,0,0,0,0,0,0
3662180.975034367,58274480.47558622,107579279.91078761,20372096.159735814,61419246.10202257,110003969.90588048,18057037.05976226,87846204.63537331,8369861.352507477,78167805.87148847,19751119.54375106,19113805.31367897,102381237.51753002,5687511.316388587,123979460.18035683,34520934.29822746,82539227.84283236,84179398.23584059,20759102.07846078,78806645.91665764,79583076.57480845,9497220.139511608,99263490.62796053,25415780.53405346,29058882.35951957,86769030.52546658,101177127.15531513,112212295.8281821,115099222.0875789,3339672.1096683973,39943186.129579,68599393.85926989,89034843.20666637,93267051.9418664,0,1,0,0,0,0,0,0,0,0,0,0,0,0,0,1,1,1,1,1,1,0,1,1,1,1,0,1,1,0,1,0,0,0
106586693.9930305,119583106.75201544,113603509.2737305,116904738.38641524,10009375.765923956,37143053.44958412,70621035.12505215,103570457.75366883,28364946.43880505,52704122.58366599,16293350.451060148,178501.82910183066,22380295.756682497,97459117.47623885,21634241.482387554,5604089.399682652,38073434.90537816,118545830.14083287,77450585.43928538,117854118.8719516,16049653.607977664,121067227.95985557,1166568.213878749,54318955.61228979,12662916.041081171,8515229.595000865,117736935.42191373,34800806.38058917,1733486.8518478484,50492297.186139174,99395880.4251563,114278335.40817706,96336883.48649919,122048642.80168462,1,0,0,1,0,0,0,1,1,1,0,0,0,0,0,1,1,1,1,1,0,1,0,0,0,0,0,0,0,0,0,0,0,0
113946243.78143483,15243593.530988738,1877961.9024950718,17464857.286206864,15168786.367439218,63638542.35126885,87523107.54268356,50338087.26668778,47465724.38262214,95647170.43742888,46263821.16157139,124014106.87408619,69844703.06026219,77434128.47302325,4049452.9136455897,2128456.2270320533,64361058.842153944,99657995.49969085,120283278.96463703,73220630.99219286,81646575.53025904,3723904.9650615016,77364532.2882757,72341695.4623162,66885382.932083026,110590750.02808498,124882585.76827846,90720974.62246455,69007784.5783038,117978989.59898634,112532883.75144434,16745631.680591421,79780434.78684612,70831553.03405005,1,0,0,0,0,1,0,0,1,1,0,0,0,0,0,1,1,1,1,1,1,0,1,1,1,0,0,0,0,0,0,0,0,0
43299425.10436879,94223136.90155745,98927823.26072328,57655446.18737775,12772330.741825163,36774362.171805926,78628678.8472289,40848578.118241474,64371889.30496187,829233.249950654,5698483.914004115,7134884.885392719,40559690.215849005,123985022.95664056,945302.7819710042,78632960.99003644,70084233.40825397,12066911.304647211,104894781.45374455,95749891.18971719,116726235.24602868,5319795.688531825,58786579.063874535,71986392.18888803,114433005.55454625,35961255.253428735,74790418.72858137,83261686.37095197,60006760.19047356,65739998.20748715,118721863.86737202,44305032.184604004,91976211.89111419,116213601.84790051,0,1,0,0,0,0,0,0,0,0,0,0,0,0,0,1,1,1,1,1,1,0,1,1,1,1,0,1,1,0,1,0,0,0
14030453.51287035,8313375.244381419,117212357.51864079,27777039.410437062,8688302.586746039,1391011.3283534888,94509186.68374133,105659651.96759887,91152910.62706797,107879152.01960345,54039854.668389015,73010041.21527237,72235502.36633372,72304474.95513538,10473750.798442524,14511470.105748363,13041681.056616345,104566942.51228009,40503619.05489278,99643810.23601536,1765033.8203624247,76844360.59371191,61441274.411714904,60426356.763421506,91032455.71134512,123448323.37264203,30284240.767839383,3559881.390565883,88108224.9402829,27269339.126913454,124807640.8825975,93521300.73021495,17227746.38489725,60743922.392381,1,0,0,1,0,0,0,1,1,1,0,0,0,0,0,1,1,1,1,1,0,1,0,0,0,0,0,0,0,0,0,0,0,0
64337174.18729737,25945269.879957315,55772407.20520332,86844067.25850028,8586054.497164916,114273567.90723683,62478300.57956085,47881503.08860115,44698709.44572665,108472787.19151856,20578621.47705495,67858660.85381134,37999241.05808624,19209973.737635143,97713444.69467749,68855982.60950741,87028018.50691615,68457082.97306862,54686718.24803545,64599784.531227015,121712506.86930245,10774268.548669491,93290686.62011148,30310241.77644767,41165449.40048158,115404398.83811116,16238116.178126909,80735070.05116692,114074985.91765366,61524022.415777974,10402321.887601132,22280232.118307807,51945480.28001518,54345616.27770015,1,0,0,0,0,1,0,0,1,1,0,0,0,0,0,1,1,1,1,1,1,0,1,1,1,0,0,0,0,0,0,0,0,0
16841693.036601935,117171484.98784307,25745872.673105963,53577758.24745104,25485253.903351925,76053136.32751249,50828914.54020401,43980500.15158038,95080540.18059658,104940818.2978156,42288089.6419854,57736739.03072531,34605990.25483177,56559921.84251538,4289755.855529706,109553511.26845838,27301554.02566584,107455261.17891654,39908120.68556033,119702353.82653919,41058295.11879829,2982795.714868517,85932108.28586125,92848628.41571698,11795773.989754587,30088438.109254904,104775390.74779873,116590741.4033895,26300414.458793484,74020941.58865608,54603017.13883212,35467459.62403874,62961232.65239088,12723096.885295194,1,0,0,0,0,1,0,0,1,1,0,0,0,0,0,1,1,1,1,1,1,0,1,1,1,0,0,0,0,0,0,0,0,0
38035768.778989576,21856085.03823701,43525087.52619487,74186930.84937014,3266690.0326318494,31494054.661281906,122372015.59875865,94100756.25458202,37920114.44940459,75953699.34677327,71354868.97141655,13190846.659275824,16860364.23440137,110886763.75566341,49282250.53177493,98007194.2913445,36887246.33221663,115021242.47212692,27609781.673296943,41091977.36360835,54745658.632983,101433186.48171644,81365416.32972549,64467901.77457939,93631215.09130476,82134727.62128665,45254431.06329477,69983124.29795744,81907583.36063904,119760534.21228321,83630577.82311529,102849712.995469,61335339.68627418,37303302.13898859,1,0,0,1,0,0,0,1,1,1,0,0,0,0,0,1,1,1,1,1,0,1,0,0,0,0,0,0,0,0,0,0,0,0
12661022.906032793,30865916.83177491,114150464.09802356,99626494.70501606,121470378.8208671,20545233.81496721,17841845.416122638,100052364.17952463,27163245.038198955,71124935.93923934,95809323.62310912,2935254.0760123716,25665355.552392226,25727728.16164749,61585136.727224186,35071339.99355608,9780252.551559815,110413331.25106308,115690302.13868083,105889542.16274302,38273445.46921759,7208974.261826405,53771704.81581987,93654232.01348582,17026080.705850653,73606319.79382008,32598051.76521754,118732388.69794045,100751802.59169091,99318683.72203673,45249898.56237288,106652403.86396916,58771433.08385738,1647393.79572287,0,1,0,0,0,0,0,0,0,0,0,0,0,0,0,1,1,1,1,1,1,0,1,1,1,1,0,1,1,0,1,0,0,0
120065706.34467739,53438378.228965335,46519282.29256996,106020633.95068978,8676619.167853491,8094779.654827399,113875225.88528119,83094397.24560057,70776970.02397513,18069786.476419028,99317843.5531788,37605450.1093251,52798006.9472053,9726196.005079266,115718559.45998512,123160025.92050646,119997056.95859595,74324129.74675786,48611773.00294918,51134194.42232347,109195322.01279013,42702384.55717825,120491852.9629487,10145986.983189672,93278926.53615247,22435990.413625214,89619072.91267948,102719403.90064171,47235299.96282409,26390874.944548406,89644869.29407804,59676386.00088022,105578101.4259237,80053533.67731673,1,0,0,1,0,0,0,1,1,1,0,0,0,0,0,1,1,1,1,1,0,1,0,0,0,0,0,0,0,0,0,0,0,0
87555686.93679757,70406108.72899422,5650282.973485805,85366837.43445565,2880491.705061328,36793940.25378361,27603310.98978728,95931537.79463333,36920764.60200965,122304081.04354411,71524030.87556058,26258044.821380228,20379436.990965154,6340411.11541325,53450501.11013686,52542902.6539436,11722057.063441351,8260825.844094854,123814436.38081837,100795450.03373371,83037911.73694143,103908965.72528593,20581185.746001683,71390119.81003897,16397220.175903495,43002611.219879635,80501823.78931123,99571950.84017599,105777062.90738171,12321856.028029025,55683161.68166185,17510043.000041716,124455299.6791905,71128623.61011149,1,0,0,1,0,0,0,1,1,1,0,0,0,0,0,1,1,1,1,1,0,1,0,0,0,0,0,0,0,0,0,0,0,0
55040504.1729262,115609060.02827224,28264400.745369874,21557961.017319113,19306875.89259325,4293989.302046594,67275580.80375183,12773228.552345157,56586472.08442842,62117302.977183014,1086239.918981036,36135559.90720498,29547663.346653353,16379100.188685413,99273423.63684641,89373102.66715296,26122388.816907104,12502476.153048156,77583444.99265367,8967401.395237654,95343316.90915316,884272.3678686601,101564361.9731896,111507907.72271034,66210025.075006515,40208064.74672506,83093137.99442363,79032627.72645257,73270390.79017517,38984247.34098447,101280532.3923948,45606636.39860297,10188441.578761514,70309212.4484205,0,1,0,0,0,0,0,0,0,0,0,0,0,0,0,1,1,1,1,1,1,0,1,1,1,1,0,1,1,0,1,0,0,0
9339299.419566153,83600104.40421852,74957025.58967128,54845098.904714294,15628196.124921406,13454470.3835269,95211333.49952169,123755574.28891188,76945257.58431669,73000375.82554778,86054398.8048435,76676700.96697266,22505053.243183725,11631740.537965672,18810335.0958097,40179600.22105573,50116237.49296786,68927121.70789559,52326060.63793638,46081917.29690189,71546406.86694694,87795209.22874688,119089558.47251892,16532108.77596711,75437845.82968946,112756481.80295034,107670370.47163597,7477729.318223349,54701962.64254568,88561238.88457362,112348379.37846243,14086458.563942162,26541158.623150896,104496620.59748125,1,0,0,1,0,0,0,1,1,1,0,0,0,0,0,1,1,1,1,1,0,1,0,0,0,0,0,0,0,0,0,0,0,0
61313012.36325897,34900797.581408374,79125540.22639787,72620578.10866752,571984.3632393167,124557501.17340046,37719474.71319298,97913024.52786809,110075287.92292885,79454110.21299796,106769257.87228486,33727827.41481797,4473570.150007998,61405215.87823145,77533631.33220181,16770718.24447527,49031459.084687024,83374423.13880402,81435725.4222111,87341301.45533223,99467963.3232849,11976299.856434552,48303285.25801474,119549678.30503882,40529367.9355323,100687837.97375022,34970673.03277139,85114744.91373079,63630419.133396946,60269691.86738434,59667438.045817636,18212911.376541477,54418539.59033565,95428297.10175109,1,0,0,0,0,1,0,0,1,1,0,0,0,0,0,1,1,1,1,1,1,0,1,1,1,0,0,0,0,0,0,0,0,0
6171579.36144438,79591080.10735476,100350063.71588312,113247371.65321615,123426707.70680003,46208822.16853422,19499289.37707047,76063560.72793902,105735552.14538671,8703907.571488108,85433622.12919834,109742340.95689048,112600724.1007399,31189098.424083292,118905639.92916438,17414030.57328779,10551040.713408595,95876681.11094667,74403038.351198,38440288.19607968,27353572.969607882,60974122.37382129,35423394.2237541,72567466.6216118,17266538.663812008,64018062.02648628,56076280.7994328,65804527.33729262,78336595.655237,12355595.12665494,33575962.566685535,40418939.346693955,108345282.3038561,60476030.41375043,0,1,0,0,1,1,0,0,1,0,1,1,1,1,1,1,0,0,0,0,0,0,0,0,0,1,0,1,1,0,1,0,0,0
99878673.9319755,105910445.07958601,92351573.13803169,118399957.75319363,7230152.739507948,28569594.534081187,70642609.24360731,63168878.74200515,45894510.91268207,46364315.72693807,52998447.40300519,34655727.16436162,112659129.93542618,109093383.11420609,19015592.874278456,92828275.63383892,102712515.37224996,62826090.28722303,33907210.568337984,106108036.31137875,33702870.87080082,112976610.80863458,107845404.9660894,34849959.733274065,50912515.96448175,106793099.50364956,50038446.25743169,44613483.034760684,10013982.382544082,115404550.58124796,117411431.99063906,42807996.35154641,109384281.54640317,21690388.9832514,1,0,0,1,0,0,0,1,1,1,0,0,0,0,0,1,1,1,1,1,0,1,0,0,0,0,0,0,0,0,0,0,0,0
25840650.80173762,110934645.90351813,118984418.82809536,110790490.71150517,12685117.617435515,79329540.9724843,116430905.74475937,171729.35972989266,35222795.081426285,97678370.14269611,117422331.47939868,32728942.44169569,117726394.50715557,53604410.60945339,3685640.497242266,27091311.048409592,61529626.75993198,81517263.10043599,115620645.07871124,115793000.92191222,46989895.02082228,1867984.1505446408,124132991.38643983,33550267.11878077,26230252.982816823,69388247.0622098,46890268.210465536,64289543.28508536,111988528.53836899,22864660.297467843,106524711.18927106,51331344.319687314,109829354.46320212,41259805.771781765,0,1,0,0,0,0,0,0,0,0,0,0,0,0,0,1,1,1,1,1,1,0,1,1,1,1,0,1,1,0,1,0,0,0
84789069.55248639,120942678.68041459,92916064.17389834,43810225.61427993,13400279.914266558,98973035.72309025,110958779.95765069,21376916.95601627,31886268.412248246,122566747.60544159,116756753.56445353,1573888.0015443529,113284417.07111417,8669023.695266876,31364187.764404994,53007857.69120673,67678844.12559178,7440830.724471597,123169382.16097134,61004797.412060305,121441882.50733277,19353241.820737597,50012038.212367766,115442827.14411454,102322294.89321834,26721633.069796618,70236254.64357482,62858186.66539063,93968985.57002561,108716423.392627,122057097.85689273,83027826.34624779,12736564.517017236,121197787.48523948,1,0,0,0,0,1,0,0,1,1,0,0,0,0,0,1,1,1,1,1,1,0,1,1,1,0,0,0,0,0,0,0,0,0
3404329.147701949,35134814.963041976,40297809.76376927,14391975.930870514,44013990.834809944,97521783.7092711,5784091.574261958,23247053.889601436,62797841.31621331,88936710.78972112,66339071.51442306,108026405.08182262,111233434.00341763,623554.065152633,106281474.67769533,88539316.71059893,96051550.94429919,16198388.715149364,51640329.51215991,17513803.018703885,81820470.48670669,20664850.31950494,75230127.3213407,123898442.81431511,89464982.78030269,46281123.47201482,3232415.678107128,67689508.30078197,69960803.842857,73050942.00234747,23811776.588321935,13389235.21051485,108933010.57509437,85027776.54809506,0,1,0,0,0,0,0,0,0,0,0,0,0,0,0,1,1,1,1,1,1,0,1,1,1,1,0,1,1,0,1,0,0,0
82206414.45706305,75190771.34029625,72032568.56295207,96913099.26804535,9881183.617756383,4821413.72038418,97634950.02885859,88228953.12198655,74570698.74931341,22818373.478197984,6939398.508416585,96949896.89175405,11447017.725700025,122171613.77136281,90699451.57456939,103043800.15149374,99388093.52570873,71608290.05866158,113344739.67680807,100806680.33269285,118690739.4974215,9045916.284083974,78627755.3448604,101662512.25094894,89234541.05777113,89525486.62014914,31843585.08911431,30677961.36985799,60743584.53899652,40079394.81708234,83233925.06809838,88710168.68762468,58667837.13950432,10732381.326503284,0,1,0,0,0,0,0,0,0,0,0,0,0,0,0,1,1,1,1,1,1,0,1,1,1,1,0,1,1,0,1,0,0,0
39019844.485547855,23288513.454927076,47004972.92705594,100506335.40920521,15051398.261305802,50161068.20337547,37379003.57545786,105036706.40876907,39138244.82865319,122651853.04040493,88775452.00847977,96890824.29449749,5603766.039830264,58529211.22609773,110111059.21310793,48418174.002391756,45081662.94419025,30859033.22351067,84987164.92304921,97119380.3737659,71150507.85114117,5127970.8651765045,63336672.60599755,15334736.368334487,52762787.34218504,6854067.482740014,109237052.17973901,96376573.07162665,57003659.96793412,100509708.72932936,22274172.332369532,111016534.54882543,14688727.040683275,54897292.38142775,1,0,0,1,0,0,0,1,1,1,0,0,0,0,0,1,1,1,1,1,1,0,1,1,1,0,0,0,0,0,0,0,0,0
86747571.59153973,15286789.366043698,54476552.844414264,123630965.36599526,2202375.631937557,33544193.116818964,110513551.79192965,49510351.12359999,58865597.973044835,9100918.185596015,78543068.70219134,2039082.6411229447,35868698.71835289,11908892.467444602,92389209.64619948,49460277.58364072,36328685.32378167,10101303.144993948,33734044.22229835,5967664.614193817,89968114.49378157,4572256.129421051,98314218.27029753,72804502.24806182,22755029.452867813,85646283.34650078,28135.810889895976,225840.58738537444,66228401.30569502,60757971.75146981,31985994.95921432,70299595.16815735,115606441.89772065,106980895.75097674,1,0,0,1,0,0,0,1,1,1,0,0,0,0,0,1,1,1,1,1,1,0,1,1,1,0,0,0,0,0,0,0,0,0
2321971.3423513705,67051036.677131824,40331494.24784317,114057708.27126913,96312736.8469998,15029208.142443797,16930309.110450488,1468856.5853318353,83136079.30854382,2307528.9039500593,122714836.7561676,33837499.54196963,48540710.67674804,840583.1903298246,121409456.05925821,79059696.98734972,99054510.15115228,90241.2868485807,100675852.3912498,17733009.498354767,56313939.11597945,65053478.750080556,114438408.1440057,101360896.96360107,47127284.12959332,32031929.01930771,69612317.52917978,75491787.5519308,117747247.93312997,67752657.60956854,48604711.802846335,121492499.23751742,17335307.253924858,60802695.17229585,0,1,0,0,1,1,0,0,1,0,1,1,1,1,1,1,0,0,0,0,0,0,0,0,0,1,0,1,1,0,1,0,0,0
10504918.737308856,70647742.32697512,86473312.92776297,102063047.01322725,16857421.02035435,123693707.38369513,54229803.440947406,96999732.5244022,121551911.22694659,123977198.50502242,36654936.72969697,95663065.7739176,96256677.01094548,10059828.090510989,942406.4219109497,37806883.24158688,122794401.92889507,68779184.91661575,6929150.555364092,52568231.80221268,102190108.9485427,3543368.740583544,115724208.03461143,15657432.634617617,56094613.118498996,73590253.45238529,57781650.03209204,66747849.38749915,123124402.72205552,113704069.00672363,24013883.698560454,91608488.3923403,50404959.30169776,18512291.892820146,0,1,0,0,0,0,0,0,0,0,0,0,0,0,0,1,1,1,1,1,1,0,1,1,1,1,0,1,1,0,1,0,0,0
1644563.388263378,75825827.71102971,53617957.54194003,23848490.77104068,110746731.86707005,3692095.1264750687,33736802.324586764,109817773.50093046,109446826.98823339,81211256.67957053,16440230.675685145,37053762.114099585,104927682.72105855,37727622.12947556,57917806.41736038,124691350.87946087,62808794.317045785,81379958.22105837,123947804.59937751,52638602.931796856,107088983.636684,190990.34009641252,64758807.1149112,103520309.13545957,35065903.598896004,14295926.76091613,101435432.97643805,6932440.454211732,96126839.68825668,45712939.52085478,87785848.35493988,105629791.59156775,25243895.31533033,30910144.974008504,0,1,0,0,0,0,0,0,0,0,0,0,0,0,0,1,1,1,1,1,1,0,1,1,1,1,0,1,1,0,1,0,0,0
3375915.9641554304,24439400.41587956,15984298.13587116,110220498.33553103,113234189.29033895,68427212.28414793,38527905.71063782,24484306.15784234,79115795.66708218,24385234.187397677,90959878.12278362,80190006.22762561,77304443.60893643,112655212.41969684,70486449.03003962,14010493.387984233,12591069.55087866,15231938.945965301,11480763.7639693,105388695.75967431,94181632.73344782,15669559.068510445,69846974.12318377,37465710.343995005,52238348.473795,112938466.4780822,76893683.28254144,102801106.38289356,63221547.03918238,80107223.53093743,65210602.7670069,58034042.25829534,54358361.62007597,14594011.81714998,0,1,0,0,1,1,0,0,1,0,1,1,1,1,1,1,0,0,0,0,0,0,0,0,0,1,0,1,1,0,1,0,0,0
6168748.688005418,20710602.546601117,61596066.1735765,117974049.94334844,21806087.438658193,93776942.24280457,99819399.13361388,123244682.18096794,92001590.05072106,110584508.66269858,44171386.8960645,11708534.476119459,15378384.141215937,17481901.071399752,35262311.840721995,73202121.12470438,119159071.16977398,52254018.921985425,64826823.521480225,104220083.28580065,75482978.02864066,6643206.13092643,116378189.5102234,31647612.0644308,84940197.2587918,9325672.5846015,37576929.818531655,84788223.00019377,121672618.7852949,104099073.13746849,91363789.51247694,80111476.36685838,12428332.357864685,15893.398614472417,0,1,0,0,0,0,0,0,0,0,0,0,0,0,0,1,1,1,1,1,1,0,1,1,1,1,0,1,1,0,1,0,0,0
2871443.631507367,42262786.719838835,85941409.26158428,110168130.88218722,17670769.24731448,120871047.82719828,28983505.766914204,112114257.93220477,66900852.591365464,55711556.23290829,10570745.297924597,9352386.532592466,61202581.01076056,60212842.271354206,83490400.86545631,37998768.579283014,30827614.302051034,109176965.13714258,21528461.119190063,115200700.82345085,119047248.47142836,175117.13802421413,75852491.86919841,84241376.56956053,91452596.87931506,990293.1434887197,69809555.90632808,34608574.19993587,35216783.197179936,116765978.57194786,44839982.39410996,17532985.161647726,100638706.80673966,54221362.332430564,1,0,0,0,0,1,0,0,1,1,0,0,0,0,0,1,1,1,1,1,1,0,1,1,1,0,0,0,0,0,0,0,0,0
50588391.69506879,78984412.87333703,96822876.54909214,45949332.31636755,23134956.515794195,102629899.97133999,8423075.538713684,83317882.29972143,71935012.82214475,119295260.54048908,14950420.521155206,9176864.846107855,44867743.13006702,92984957.15487653,53904264.76615776,102776591.46584268,91710003.00850554,93002732.92025566,26429707.30407085,54301400.50691975,79200925.59567066,1116325.333324172,107220873.52055468,54342322.2314148,89875726.27488655,115550441.68312363,90822142.58585836,53399312.41410377,120632465.02010646,114961469.92670685,121159223.19599533,95092814.51881452,55106057.92661225,25995061.03819967,1,0,0,0,0,1,0,0,1,1,0,0,0,0,0,1,1,1,1,1,1,0,1,1,1,0,0,0,0,0,0,0,0,0
100163585.08908431,77846219.29887107,72634295.8776359,35053470.226229526,4729125.678674377,8815630.713371374,98871460.15681589,119421147.01811369,98106881.73914632,120162551.86541572,43071502.84210741,112660232.4413752,6379012.8415734265,103977440.85132916,50841736.48072992,99301392.24393556,97494731.88567168,39909644.68361738,35592158.244674005,123557594.98334722,36470526.65098102,2210499.9823392867,42737697.73968231,26646660.17419046,78563465.3550725,53833156.11248809,62007652.7460561,62771321.51127964,67852456.70776035,115369361.41636844,50551861.87592033,114182330.01975445,25530412.195083506,54733094.80642506,1,0,0,1,0,0,0,1,1,1,0,0,0,0,0,1,1,1,1,1,1,0,1,1,1,0,0,0,0,0,0,0,0,0
248809.34853096376,92201741.87504934,16010005.990975272,23170928.36224462,89966398.76977997,52972811.09098039,26253028.63592617,108842272.23661025,42390048.96634406,14575011.00155103,75025264.51254392,38006795.12677712,64889182.7854707,83539081.0109136,94613912.25217979,98055395.05165775,5699221.355302772,52445614.56871076,71447971.74915503,958169.6842994385,97100475.44461368,3556805.4304593443,109771009.21024828,18005568.36997025,101404202.14031218,56606394.560381114,76506548.44868605,51913860.67522178,6068563.955903497,80406681.90439244,31824282.154162396,82172756.04588439,48402695.7922431,100533539.0560922,0,1,0,0,1,1,0,0,1,0,1,1,1,1,1,1,0,0,0,0,0,0,0,0,0,1,0,1,1,0,1,0,0,0
68489449.27221885,60763645.3655776,49339472.82336942,2032020.1876048313,11945907.26354774,64646168.6431942,53183039.834890984,37725637.51839174,122375346.73959786,62012581.759037085,105047540.97027679,5450731.12960966,119522492.97517958,107917361.2693917,103657362.90230893,65880842.893091656,59163444.29037027,69333271.03567162,86747839.29341306,20968458.81338247,122890141.22545947,5385772.6103405105,56543021.40570744,84848926.52596918,108101048.62348549,87903206.18282565,16563479.110397665,12138232.39609493,79197716.0856335,124554786.760383,40039665.24149844,44048120.572210245,44063747.04830522,76683206.87899716,1,0,0,0,0,1,0,0,1,1,0,0,0,0,0,1,1,1,1,1,1,0,1,1,1,0,0,0,0,0,0,0,0,0
9155876.699410789,47088290.28299271,119642660.87273619,5148579.607622933,93236860.96174227,68398823.99735767,18804228.924405627,80176641.29995054,105314394.79204437,12000481.811083702,3260369.619885318,108786252.61464818,55842867.425857745,115301884.28091137,26172481.642472956,29336502.932980087,123180018.67969249,51169222.43444109,87802153.08012746,84424909.28906022,868284.4497715593,2319073.306564767,20378400.175177876,89958262.89432558,58697228.186297685,69118949.18445708,27841629.75653835,109444649.81637342,45084787.13052782,59524703.26208735,61253677.917274006,100209902.27534717,108730621.19894455,67890627.95264432,0,1,0,0,1,1,0,0,1,0,1,1,1,1,1,1,0,0,0,0,0,0,0,0,0,1,0,1,1,0,1,0,0,0
83436898.26055598,45497855.4593136,86310994.84834355,9490521.66598564,1915651.8621415528,6188825.2711013425,25925160.665541343,91353866.13511296,88155537.70124198,48359479.72984406,38369121.482050285,50897754.26692346,69745926.70192438,9012574.088899463,32521521.804696266,106672231.99575149,38077197.939434625,123968304.13710974,108450167.52929437,74167293.26374643,118872522.54341331,4654519.361918636,54037960.997996144,93239438.53527859,46991347.63837704,107244172.64707382,56355582.087694265,4515886.215846999,97909996.42428084,55859148.97477315,86220729.32965018,74035466.32557024,34377783.030796446,65264642.24496728,1,0,0,1,0,0,0,1,1,1,0,0,0,0,0,1,1,1,1,1,1,0,1,1,1,0,0,0,0,0,0,0,0,0
10156371.89764388,90341703.24940664,89523675.07299076,122429053.06394972,46788062.35190019,27916429.022249367,5388458.8560400475,13450218.72769226,110128456.4953009,7176040.05828342,25670379.631633006,69816347.8095798,53475014.17041743,99955991.91227776,55035390.644624956,63869078.23639898,79309338.2287804,38017619.80613978,8048066.380637475,15084582.855796525,121166873.95298263,110224568.89407875,123206914.64389805,120150896.76028079,124561703.45807208,101442883.0276806,48054409.03904097,113864299.5421086,46662155.12045116,13919590.580052346,74309979.6137276,104900999.6518609,35593729.16382139,106700606.04255673,0,1,0,0,1,1,0,0,1,0,1,1,1,1,1,1,0,0,0,0,0,0,0,0,0,1,0,1,1,0,1,0,0,0
4630926.706187221,42061387.89833904,49041873.46203136,59835349.078656875,99830056.96023022,109404591.78920358,87385078.01905712,73341740.08285534,90637603.67785138,17572000.540096417,24275397.200616494,70156317.76480535,56245477.97954024,71869103.97421218,32565430.035955228,97253421.32243997,51400931.23330703,40216617.73683537,40683286.11863782,11743815.410337826,32060536.765123308,110936331.50150931,4654196.743811958,85618294.41152601,113316290.95601559,36447388.37469897,104953362.89603887,120978145.52050152,103952980.16879879,99771618.945317,85332592.32654338,49745235.51116194,124090407.81586719,85800748.29618178,0,1,0,0,1,1,0,0,1,0,1,1,1,1,1,1,0,0,0,0,0,0,0,0,0,1,0,1,1,0,1,0,0,0
49457460.881185286,124108667.57787107,78050386.77312121,108884912.56347045,314435.26669356995,5489206.19280119,13059520.009894468,56393924.73657482,31753402.78902744,58793529.58997468,49297623.050946325,124044792.00181253,3945683.9363124277,118098829.51799266,60396164.893189356,96483542.90270373,96686610.40127951,7957351.545219241,103887335.28687093,66773116.298061006,27633622.007207703,5212056.946499361,80279630.929513,85726343.73623736,65262746.32560338,61828442.08976601,22291940.656861287,66588233.02531568,3708990.4225983466,69051548.40870786,15509285.812888246,49330692.70573171,101155413.74598365,21416450.567476764,1,0,0,1,0,0,0,1,1,1,0,0,0,0,0,1,1,1,1,1,1,0,1,1,1,0,0,0,0,0,0,0,0,0
1788294.4287147229,96917553.87002432,18848351.011448313,22032250.78773349,119008402.95337667,1450208.8006549382,83815858.73624013,62438757.83304171,81423024.89470373,5971106.253859212,19482704.062564567,70206931.60660297,121584741.27407458,92990269.69925404,57589330.51980936,76262880.0915267,25824906.595680833,117340369.61402628,6584046.034393328,89165884.58943741,19390119.563470546,32600096.3873251,33628800.3045462,104736356.16200958,56964980.963206366,60570145.52863212,14577076.239137046,93596608.8197548,100155884.82481085,111154407.23623548,65057228.153717265,60957550.319782615,82711318.87511283,55077975.43377802,0,1,0,1,1,0,0,1,1,0,1,1,1,1,1,1,0,0,0,0,0,0,0,0,0,1,0,1,1,0,1,0,0,0
93267344.50754933,77918216.03253224,60034465.77215332,86879796.12596917,6315328.854216025,30742919.7700685,65737804.89170689,95667538.69311878,73015584.60365178,108152145.14561123,1937885.9808061726,89135900.1142147,73496623.9453365,69024408.4423234,63628542.766477264,110384410.28389259,104472191.73572426,88974926.59213644,27327082.03164725,78251086.9274877,47655873.56917376,12852461.11664132,30653751.55070683,118483447.84892513,89331812.75112109,89986719.0655685,20005019.65057,56449858.62777742,21031824.94117221,27713431.092551555,45501030.93221006,104519333.10473773,7431030.957448488,45629511.55689339,1,0,0,1,0,0,0,1,1,1,0,0,0,0,0,1,1,1,1,1,1,0,1,1,1,0,0,0,0,0,0,0,0,0
50332620.20085946,99669344.36416042,110171081.10416652,75876496.2511661,15200861.2328267,15639524.79893234,109697364.12300535,94779449.25861742,64467714.22198551,92134147.47848137,118970606.47297965,108265878.39066711,42877316.863947615,95401560.20275827,1479633.2766750518,105907141.14439204,91628963.51418725,85009108.81796965,39971636.24547329,28808742.55581324,89448125.35058911,17036009.50700643,118690444.50069171,58159550.34963439,56013205.49918868,2108769.7288395786,90697559.6156979,58323284.934378296,62048947.75023806,95289398.76630796,65700282.66002872,14019024.184810188,95316933.72160001,23162609.253580637,1,0,0,1,0,0,0,1,1,1,0,0,0,0,0,1,1,1,1,1,1,0,1,1,1,0,0,0,0,0,0,0,0,0
5385335.766068025,15105931.179167414,48963631.80079984,59183935.39974695,104212168.78008112,4236295.801445669,73652601.42331831,17022481.80629929,73700987.8996168,3876966.984910831,32261986.73426563,26064098.305740215,74189589.35067327,59851527.2707015,27687741.638118908,51490614.27522999,70849881.79258488,121772007.74498425,75094520.64464164,534359.6987084277,60125077.15891297,36264672.48650863,123621190.71858852,97823622.01073919,112168048.70989867,108276698.33199495,111289105.30556104,116145625.07507086,79840904.74800086,97200240.04810213,18656024.298767336,28118295.112610884,30505020.250583276,94115763.53229898,0,1,0,1,1,0,0,1,1,0,1,1,1,1,1,1,0,0,0,0,0,0,0,0,0,1,0,1,1,0,1,0,0,0
40607570.817679174,107519107.99584123,123399412.42091173,30749215.58740643,932580.4179307127,21667938.26858487,35499889.22737257,121728689.56944251,70630311.76414372,90957811.15322822,10367261.745158795,31825627.031803064,69027380.02007867,30933752.766422942,124893053.66378991,123534286.12138532,15275514.671185,68413574.50060126,47873191.105565615,65011014.43704695,44156844.85942229,5080762.276292279,124544514.64669867,100979732.7096041,92744811.09695454,19841903.833531283,108662734.10462748,58042901.08560584,43922748.09677161,119969062.72969818,60946078.99000809,512020.91920759203,99628762.50635716,59787883.323721595,1,0,0,1,0,0,0,1,1,1,0,0,0,0,0,1,1,1,1,1,1,0,1,1,1,0,0,0,0,0,0,0,0,0
83119788.54678929,29630769.90160804,10121145.870588036,55053900.129370935,6336958.678040426,857279.45631135,76913494.54283096,71951320.3270585,116048342.86827582,55254550.28015974,11665006.146221355,84095235.35049912,79189271.9541911,65043110.14201352,61646146.53122581,33567997.80840328,73089785.30496882,60259068.75985581,78213242.87281685,101551625.24200465,121157789.43593234,19778109.534671452,77501265.86315271,68337396.74700896,102158389.1933677,23370104.652109172,41903154.61034954,123431126.53907329,60586305.38381535,67514720.97375399,116201790.04144193,24575328.912705444,17113542.38921838,16822427.25187874,1,0,0,1,0,0,0,1,1,1,0,0,0,0,0,1,1,1,1,1,1,0,1,1,1,0,0,0,0,0,0,0,0,0
105678386.11466418,68974758.1601097,64738535.11469634,78013960.104073,23193512.2595012,12801537.292314053,48188508.906172454,117582080.0693322,82316011.43391895,122166741.84130712,1906325.577321425,65844457.5527763,84409600.93642737,104374305.62688741,44749833.71454334,42619517.66172007,101067733.74693063,60803222.3216905,83353355.01989505,102309229.80776815,120267076.40717043,7022755.078352621,95550049.46829091,76255047.092793,13043447.213812599,19020520.14261416,113733738.57538225,20788541.556988563,75735770.26373358,107571046.26694241,63595004.69205833,106381695.1614467,29214853.551126137,24562463.80387026,1,0,0,1,0,0,0,1,1,1,0,0,0,0,0,1,1,1,1,1,1,0,1,1,1,0,0,0,0,0,0,0,0,0
3250604.2330121184,67146159.73427333,114271423.9105499,88175192.30709638,44732974.52139299,29517298.206577297,75062458.54488048,56271261.00212246,104665467.989501,9780207.675808351,83641068.82542723,87133749.45804551,115374173.50418228,65955902.52448119,120832277.87815109,12392249.447971376,43720817.99324262,5490636.408750328,116422664.54451142,6458954.713934889,57666214.475431845,123305799.51953645,71467953.98145679,47881010.77349613,12501052.680507408,13612488.864132542,76815398.69041641,26955043.378923304,107430353.89018358,29422183.520663682,15984415.124910258,30722353.828007344,85199639.6641807,58139731.73195261,0,1,0,1,1,0,0,1,1,0,1,1,1,1,1,1,0,0,0,0,0,0,0,0,0,1,0,1,1,0,1,0,0,0
6609817.445940147,43963124.86427912,36135355.03087609,47918302.16322164,87833182.31160054,17484049.770270094,60310115.01111208,44697562.70819173,111304474.52582587,3932638.427106414,115120606.30897382,69135411.59118311,89093187.30539684,90615167.45984663,111395797.61111711,94142364.63044359,97377177.05989742,3799482.0566148683,114120515.42344409,72332035.88394077,91788204.24303205,23783027.09522318,3647053.0537696183,69887399.43573278,78808701.20296414,117520409.39749856,91992169.36243506,112317051.67911845,86699966.01056927,110707357.28601329,115618873.50959711,50781661.717930384,26924572.870296296,92895687.44807571,0,1,0,1,1,0,0,1,1,0,1,1,1,1,1,1,0,0,0,0,0,0,0,0,0,1,0,1,1,0,1,0,0,0
1177127.1910675578,75156465.29542981,28541325.04030182,83167703.46748862,120554143.4406088,26540830.428488024,108390029.9490569,64574299.30554663,43456278.85465037,15560091.577695448,79138460.72225167,48242858.1525627,70898195.07250467,7062767.988380512,74326876.675446,23691203.465750065,3639774.892750931,77253366.68851979,24805684.626847155,56130562.382414624,78546735.33764821,48559272.42183165,122730876.91168652,80408355.88938676,86541422.45362309,6228532.628682888,64255394.19765809,12090370.684720557,103790485.58365066,113198776.99024603,21668567.724500418,32130838.54898422,75861973.91660248,44927339.77254332,0,1,0,1,1,0,0,1,1,0,1,1,1,1,1,1,0,0,0,0,0,0,0,0,0,1,0,1,1,0,1,0,0,0
2269518.5074253934,118057543.76450808,93738424.60889213,53399892.17944475,106976868.02606066,1058173.2670751887,92159050.06972583,116354646.66329704,45905968.63118704,10312977.984287431,69473129.60975431,114881066.50487049,103140507.40003213,114016213.08440313,41958060.03180557,62912439.3485263,69884014.83687186,29357235.130916048,789129.5793217417,51709429.31619637,53767711.0830692,98400674.71528172,102816482.10270824,44100943.53219045,85174786.90264982,54427174.20184983,51322568.11654914,95069172.19772404,20405157.086351503,51598662.32527816,89592854.93388969,120837832.9449819,96279538.07283825,72986359.65619718,0,1,0,1,1,0,0,1,1,0,1,1,1,1,1,1,0,0,0,0,0,0,0,0,0,1,0,1,1,0,1,0,0,0
6056313.549410394,18830838.31723736,71744701.24018876,88544447.71908455,64197211.18720229,17054391.4426592,84702494.8912927,120898912.4149853,88404554.97189963,6842741.659259443,57781180.73543239,67773877.58057885,87136576.61099935,38679825.575278014,71307319.99704795,24162207.197105218,87474472.0104095,8152158.687384815,46332867.8887858,104209880.1414059,115966919.442258,123321705.63635136,66315902.15766294,106539424.88706236,20632876.238022737,64981936.63055925,106885525.2213156,73849336.34955896,100963357.35847963,78576952.11381987,43150163.435571626,50306542.15700805,99095740.94848038,108940466.90567958,0,1,0,1,1,0,0,1,1,0,1,1,1,1,1,1,0,0,0,0,0,0,0,0,0,1,0,1,1,0,1,0,0,0
671023.2352009427,38767116.16814652,122504205.98790346,85835701.02576594,116857725.6802849,20328086.568296853,15488880.204677919,60333728.07760568,58363708.872564666,16768145.283865798,16236856.112277023,12048527.505571932,3710726.9958752785,106897233.03343762,109353200.50513236,114485854.98422204,1345687.2183288909,80182909.86027814,90022349.4032805,54311750.25935871,63344538.02717298,53833059.84296547,124719178.04518308,13100323.29204493,15008990.440479696,41248097.79356619,107199136.91360466,99090748.85413277,32296934.265931796,1682310.697130593,6565466.372323528,101971438.43833017,34517859.46863767,13127186.76838881,0,1,0,1,1,0,0,1,1,0,1,1,1,1,1,1,0,0,0,0,0,0,0,0,0,1,0,1,1,0,1,0,0,0
285457.9963646479,47154065.30679676,32699316.114326246,37006154.143278025,35521112.73378396,19273502.95275861,5346446.352313547,84160539.06800309,10896481.82042441,4523348.208058882,63335527.35279492,37009424.02041483,68604004.85272774,119854267.41228828,95296564.06424466,29167348.072443075,46420380.31833491,465309.5992715847,68960817.21701355,20902731.668759085,41163171.16927275,68937451.78414403,4751534.423979012,35196798.565590374,42394747.12839826,108804378.2346725,92150545.50707984,26646468.041972794,103347126.90771256,86586773.40501945,53736085.13804863,55016574.764382936,44492108.401028164,78708522.32744923,0,1,0,1,1,0,0,1,1,0,1,1,1,1,1,1,0,0,0,0,0,0,0,0,0,1,0,1,1,0,1,0,0,0
7313987.754479872,29653554.07667426,31794131.886546347,105310805.11808725,118471141.73669995,5674045.904434956,41999781.76238197,51979411.74673263,63136250.8192096,10083429.01443805,69816427.25092436,104289833.75328429,14306389.976005485,33195047.811647978,104675295.8121409,31058091.92902791,10159354.059758352,9045363.785491742,43010481.62705316,110121124.7565236,6513146.766571617,68496666.55046809,42051197.34953379,11451120.450536594,120627854.77940051,36883829.82900471,676970.4439548308,50843025.99343949,82648039.80525593,120605763.55018422,117660656.94714671,48888996.43298219,95106014.90377523,26906552.72638177,0,1,0,1,1,0,0,1,1,0,1,1,1,1,1,1,0,0,0,0,0,0,0,0,0,1,0,1,1,0,1,0,0,0
